account,published,source,title,link,theme
AT&T Business,2026-09-08,AT&T Newsroom,AT&T Business Expands Enterprise and Public Sector Connectivity Architecture with Amazon Leo Satellite - AT&T Newsroom,https://news.google.com/rss/articles/CBMiakFVX3lxTE5ueGVLUGo4dTh3d3EzaTl2eUh5QjZOY2ZDX0UyenNiWmR6UGhPWkw3bDNzMlY4cUhOZ0dsRjZuVkJ3cjREaW9iTEVOMWhCcTJ1N0RfMnBQMUZQZmZtZDlMUDlGaHBqRWhMcUE?oc=5,Other
AT&T Business,2026-09-08,satellitetoday.com,AT&T Business Expands Work with Amazon Leo for Resilient Connectivity - satellitetoday.com,https://news.google.com/rss/articles/CBMiwgFBVV95cUxQS2J3X0FWMHlrR2hTQjVyZ2kyeW9JX3pGcGNjMHQ4VkhqdjF1TmhQcWd4WDh5RE5MaVpBeFRYenZ5ZTdjMHAtWWd6S0VmQTQ5TC1LVHpKMEFPaTZNcW10MEk0d1V1bXc4c2tTdkNJYl9mY2RWQXZQdUpEYlhzUk1yX1AycnNfNUpZM3JoYTZOQWRHMzhaUFUyX1VUc2VJMTRkYlRUcEF3WENjX21LcVZmYkk5RkUyc3l0RFB6WVl1RXZjZw?oc=5,Other
AT&T Business,2026-09-10,Fierce Network,"AT&T Business expands enterprise, public sector connectivity with Amazon Leo - Fierce Network",https://news.google.com/rss/articles/CBMirgFBVV95cUxON3BNQkhvTkJ6d25QbVFhb1FsSVFSNEJJekpJNm9zaV9xa0YwQS12TWtwMzN0VjFpU1Q2ZUNoN2F4NkNuZDFSVEpBYW93Y3ZnU2FFQm81Ul9YYnlSODdSbkR4dW1UQ21VTGNnWVdJeks2Nl9JZFBUa3IwYTVxemNhOWVEc3FfOFVqazVpNUpkN1FWYnVkUWlyOEUtbDJ3SEQ2OExEWko0MXUxWWhuNVE?oc=5,Network & Connectivity
AT&T Business,2026-09-08,PCMag,AT&T Business Customers to Get Amazon Leo Satellite Broadband... Eventually - PCMag,https://news.google.com/rss/articles/CBMinwFBVV95cUxOVnVENkZBbUFCSzhoRGV1RmhmQjBYZnpWMmxnd2pIdENMU2dHWGViTmdSem5zTmFaTnZBSDN5ZXBWUWpuU2xaYjFWNHpyNmdKeU9OYUVpMnNFZEZrRnlkMGFDUnJmSURzdlhSVktjY3EyY1p4RXdITHFKUzFnVGN2TThPVkpuZmk4aFRrZmJHSE9TZl80dmJyRmdQU2xtMUk?oc=5,Other
AT&T Business,2026-09-22,AT&T Newsroom,Turning Connection into Impact: The Five AT&T Small Business Contest Finalists for 2026 - AT&T Newsroom,https://news.google.com/rss/articles/CBMigAFBVV95cUxNNUtxX3NuOXlGZ3ZaQ2FaeG9tSFllZlA0NlozY3FZWU1iMUdEeVhVWWkxWXRDckY5S3p3ZmRvdXdSZXFBa19VaEgzODVHTldPemh6SnJ1XzRUS0JBVDRzUHExNHc4dUFvejRjblg3YWtBV1EwSUNSWm8wYXg0amx1eQ?oc=5,Other
AT&T Business,2026-09-08,Yahoo Finance,AT&T Business Expands Connectivity Architecture With Amazon Leo Satellite - Yahoo Finance,https://news.google.com/rss/articles/CBMiqAFBVV95cUxQckJZY0F2MEp6Zm91OThzR2p2VUZFbFRrYVI5U3lpZUgxUUR2TmhNdG1YLUNYNTJ5bHlMU2VpZzk1ZEh2Zm5jUlhoWTdmQmpyUkNRNGhvdTdhOUdKYkt4THZhZ1NIXzktcGFTUzNRWGlRZzdoMmtCNXczSnhhYVR0cVlZRkUzTXpfOGRWTHpUWTBTZ3djYWk0WGFMU3MwUHFJM2VfZVowR0Q?oc=5,Other
AT&T Business,2026-09-09,Pulse 2.0,AT&T Business Partners With Amazon Leo To Add Satellite Broadband To Fiber And 5G Networks - Pulse 2.0,https://news.google.com/rss/articles/CBMirgFBVV95cUxNV2hIX214ZGtPOGtKa205VzNHUmgyLUJnYktrbHZVUmJnZ042RUtKNUo0a1A0RnFjekNNR1ZmUmo3cV9jdVYtSVRsQW55aEU0cHFlaFNPNS0zNWRIZDdvcndtSHpMaC12T0Rac0VqdXVmN3VzWnVhdi1BMWRPdl81eHhINUlyNkYwRElINlNQLTFMNm4wd29OSEhnWjhrNUFkSmlRY0F4NDM0WHJzMlHSAbMBQVVfeXFMTnJDY3VLTHJRRlVhTE5EdjdUcWZaYWdDcVlLY2x1RWRXMDRDVVhuZkVPTVYtSmhQbDBZNjRabkljNHBDMkZvMlpxYVBQQkZEaGRLNTBxMmRwekZia2RzNm03aDFUbDdIS0x0VDJ0WWtVem9oSmhfTFJjMms1M2ZIdzBMcW1YVEVOdDc3Ym1ON0VnaXFRTE1fT1h3TW16U0Z1LVRSX2ZLd2xDek5KR01zMmZQQjQ?oc=5,Network & Connectivity
AT&T Business,2026-09-09,Telecompaper,AT&T Business adds Amazon Leo to managed connectivity range - Telecompaper,https://news.google.com/rss/articles/CBMiowFBVV95cUxQZU00SXV3WUdrOWNNU1BobjFJbDItcndsZnhydE1jQU9zWG1hdl85alRhaVktOFZmUzZ0VUJhamFBbnZYUWk0UTdtOUhCUGhpNmlpM0t1NXBfS0NRRExBdWI5T1lubVZpRlI1UzhySE1wRTJXdmRheTE4eWVSVXNqQXBsWU1fZU5hc0VCV0x5NlBHZVFUdHU5UzVYNy1HeDZOREtv?oc=5,Other
AT&T Business,2026-09-10,ts2.tech,"AT&T’s Amazon Leo Deal Is a Distribution Win, Not Yet an Earnings Catalyst - ts2.tech",https://news.google.com/rss/articles/CBMilwFBVV95cUxNU1B0STcyMTFrZXkwLUpkV3FRNTBvanhrX0tDalhHaERmVGxaVXZ3R25IMUtmeG94cU5VR3FOOFhhRDFwMXdrTERtNUwtN0N3Nk5CQUIyUGw2VjYzS1d0RWR1WVZuaFpNVS1nWlJqZFc2b2FFTlBPVk8xT2E1R1ZrMEluN29yU2FkbkYydTY2NmxhR2lZZjZN?oc=5,Other
AT&T Business,2026-09-09,finance.biggo.com,AT&T Becomes First Major US Telecom to Bundle Amazon Leo Satellite Broadband - finance.biggo.com,https://news.google.com/rss/articles/CBMidkFVX3lxTE1qZWoxTWphazlpWXNrb0FTcXJNVnBCVy1IMFIydHZuaU1ZNDZObXpPVUo2Z0dmU21nRkRCSExLTW5oVTVJZEFIQlV4MVFGZXpmR2V0NmdDQ3dkdjlwdmJJRWdBZy1fOVNhYUlWVHhtcmJOQ002R0E?oc=5,Pricing & Packaging
AT&T Business,2026-09-10,AT&T Newsroom,Economist Enterprise Tech Resilience Index Supported by AT&T Business - AT&T Newsroom,https://news.google.com/rss/articles/CBMia0FVX3lxTE1pMC1TWGxkWVRmRHlvRkdfYzY2SWdPLUk5WlRTbTV6RWNtd0pLNUFVOS1zTlBTM0RKUUlpTmk4S2ZRR3lTWS1kY3NXMktNZW03NGtWNTd3YWNNbWJGQmVXLURCWnJabzJ4N1Fv?oc=5,Other
AT&T Business,2026-09-10,Yahoo Finance,"AT&T Touts AI, Fiber Edge and Business Growth at Citi Conference - Yahoo Finance",https://news.google.com/rss/articles/CBMijgFBVV95cUxORW8zb3N0bWNNZklaVUV1UmtxT2pKV19NYnR6V29uWXh3SnZaLVp4S0xvcFhmWkx5ZkJxY1RmYUNGUGx1a0xvOWtacElxbEYtT1ctMU45SFNPeVRLRkxMaV9ubVhDamRKNXpnQUc5NTFBTjd1Z25zaDNIUUlldXVUd2VSaXFtdTRRWlRIVHpB?oc=5,AI & Automation
AT&T Business,2026-09-10,AT&T Newsroom,"AT&T Delivers Value, Choice, and Flexibility with the New iPhone 18 Pro, iPhone 18 Pro Max, and iPhone Duo – Backed by America’s Best Guarantee - AT&T Newsroom",https://news.google.com/rss/articles/CBMiZEFVX3lxTE9nR3NwaWlWY3QtSUpyY1hlSEFaUEtWLTBabldOLVNxaFRWMk1JajJDQ2tQb0FnTjFOVEktRFZDVm41QmF1dEp4QzlvTGlxX3ZQT0FmTzNvaE9od1JGWTZNNTNnTGk?oc=5,Other
AT&T Business,2026-09-30,AT&T Newsroom,"From Cloud Connectivity to AI, AT&T Proof of Concept Labs™ Has Spent 30 Years Validating Technology for Customers - AT&T Newsroom",https://news.google.com/rss/articles/CBMicEFVX3lxTE94YlZ0Z1FBOFZvR0ZEZVQ1YnM5OFdOU2NVd1lvUzdYeGRJVHJUSFhVZXZGRkdVaDJmN1QzLXpLdHRQRnEyc21HUS0yR3RnRk5rOVZDdjY0RGE4SW9oWTR5S2RJU1l5NzBaNU55R3pVeHY?oc=5,AI & Automation
AT&T Business,2026-09-21,AT&T Newsroom,The Network Behind a More Connected Cowboys Game Day - AT&T Newsroom,https://news.google.com/rss/articles/CBMihAFBVV95cUxONzZBajMtYm9SYW1vWE5MVWpkNlFPeVJLNUQ5WnZDZk1qM0xCeTZjbkU4T0NlZ0dFOENZYzhDZGpKR082Y1JEMmRHYTZaWWp4ZDZ2Yks5OThucUVVY1NQRV9UTHdIQXRZRHpGUV9BS25vMzZlMFZBRkJ5YnF6UDllVVVzYTY?oc=5,Network & Connectivity
AT&T Business,2026-09-10,AT&T Newsroom,Why Enterprise Networks Need to Adapt for the AI Era - AT&T Newsroom,https://news.google.com/rss/articles/CBMickFVX3lxTE5qajFVZ3NieXRDdHFDZ05MZ3JQTDBlOG9lN2lPSHIwbzg4emhRMHU1clJSU2t1aGxncTMySGhEbjhCajVtVS10azA4OU1RQ0ptMEJacnE0MXVFSlVLalZlcm1sNDZrWC1jRFFzdTktdEV4dw?oc=5,AI & Automation
AT&T Business,2026-09-30,AT&T Newsroom,Bringing Rally Racing to the World: How DirtFish Grew Its Motorsport Fan Base Through Connectivity - AT&T Newsroom,https://news.google.com/rss/articles/CBMia0FVX3lxTE0wNkNWNzRvay1aV1pGYTQ0Q1ZONHctYy00cFBPQ0dubFZhMzFkNVEtUjlGQW1IUUh1OWt0c3hWM2ltR29yOG1aRHFNQ2RZOVJjaGFlYlZmWmtab2JBYjlKaTFiTlpiSzM0UG1B?oc=5,Other
AT&T Business,2026-09-30,AT&T Newsroom,When Reliability Can't Be Left to Chance: iHeartMedia's Approach to Network Modernization - AT&T Newsroom,https://news.google.com/rss/articles/CBMie0FVX3lxTE5FbmVKMENXYjR1YlNPcU85TlVFOHhOMC1FUWRZMlZsdU44VWJpc2h1VkZlZEtxaWlrNWtTX3U5UHRpdmRrckl2RlRzNzBhRkxfWEo4LUxUZkFfbThGemNKVDdZOWFVRERwb0dKVzVQT3RfdXlFVFlBYzA0WQ?oc=5,Network & Connectivity
AT&T Business,2026-09-04,AT&T Newsroom,"AT&T Delivers Value, Reliability, and Confidence with New Samsung Galaxy S26 FE - AT&T Newsroom",https://news.google.com/rss/articles/CBMia0FVX3lxTFAwVVFMTzVxYVA4dGxUVmt1dzZwRUZBQ2c5UWItdm9SQ2dEazZid1k1UEtKa0dpaDMtQV8tWHA4enBjM2plQXlRYS11UnE5RTBfNkE2XzJGMm4wcDV6RjYxc2VibGJOU2hsWXQ0?oc=5,Other
Verizon Business,2026-09-08,Verizon,Verizon and Corning announce fiber agreement | About Verizon - Verizon,https://news.google.com/rss/articles/CBMihgFBVV95cUxOYmU1RFRLUGN6WWxzVmR3YzBiaHVRZGtHUXlwMUpGazQ1MnZBeXFiOUtoVnFSbEpRb202dUx0eW5OaTFQUzBzdHZQR1FkXzdLRWFlc3ItWm9yTVdEeGZoemlfNXJEWGlQZ0d4M1U4TDlOdHMxaTVRQjRHZFdHTktQZzdQekNQZw?oc=5,Network & Connectivity
Verizon Business,2026-09-26,Britannica,"Verizon Communications | History, Verizon Wireless, & FiOS - Britannica",https://news.google.com/rss/articles/CBMiZkFVX3lxTE1CTU1MZGZDVmtja2FsS0tzRTZ3SklOaFhmTnZoZHNPLURubU9sYjhnZTBiYmNSclc1SUNJY1RvMWVGRVF2MmVncExDWTJpZkcyOVJZUDM4MloxUjYybC1lak5Tb2NIQQ?oc=5,Other
Verizon Business,2026-09-09,WSJ,"Verizon, Corning Reach Multi-Billion Dollar Agreement for Broadband Expansion - WSJ",https://news.google.com/rss/articles/CBMivwFBVV95cUxPLWxKQWc1TVJwdGJFMDJBVVdleGFvUUtDYUN5SEJsaE1LMlFWX1hOY2swNU1QWjA5bDdWc0ZOR3B5RFZ0OERybUZPQnM4UFpmSjdzU2ZDOXhwQkY0QVhOdndmSnVOLXU5WER6MGs2S3dFb0tYNk5OZlNDTkUzSFNEOUpaZ3cwNUlBZUNobkllOEJObVl2UkpXTy00SGc3RERkODBkNkh4VlZJR3lVcEF4UW9aQ251bE9NMlZZbWs4OA?oc=5,Other
Verizon Business,2026-10-01,Business Insider,How to Get a Free iPad and Apple Watch With an iPhone 18 Pro at Verizon - Business Insider,https://news.google.com/rss/articles/CBMikwFBVV95cUxNRVFnTzVPUXppTktKbndvMVZNWFEzUndUdUFwa2p5cjlvOUpiYlo1U3dRbDhKWWJnb1h0aGprekFkQXFlNUw1eTQ3UVllb0pxV3M4bDhNSzY1SjJXV1lCLS1ZUzRGSmR6LWlySHhlbkJjMGI4d3pqdnJUaC1IVmt0R1lTdGV5OXllb1U5SWw0RUhxcEU?oc=5,Other
Verizon Business,2026-09-27,Tycoonstory Media,MyVerizonOnline Business Guide: Verizon Account Access 2026 - Tycoonstory Media,https://news.google.com/rss/articles/CBMiV0FVX3lxTE9CbnltMHpfZk1vOHcwVEpUOXJZWE9oRTZDdHAydmtNMk1ONmtYQVAzQWotbThjSUpNREhLM1FINmdPcmZIMUc5SmhOMjE2SG85ZUx1X3ZtYw?oc=5,Other
Verizon Business,2026-09-09,Small Business & Entrepreneurship Council,Can Your Business Afford a Cyberattack? - Small Business & Entrepreneurship Council,https://news.google.com/rss/articles/CBMifkFVX3lxTE1USzI3RlpSN1BFUElxUjI3X3F5eTRXUzRTMnhEaGkydnhvR0dES2xDYzh0UEhTUFE4OE0tLXZKNjhxUDhodUdDemdwenhKNnBqMXNiLXQzUHN6NzUyNzRiY0RVdUY2T3hTY25fcEFfSEJmT3BMYTBGTUVaUDVYUQ?oc=5,Other
Verizon Business,2026-09-08,Yahoo Finance,Corning stock rises on multi-billion fiber deal with Verizon - Yahoo Finance,https://news.google.com/rss/articles/CBMinwFBVV95cUxQOFZtV3RRY2lNaDFwQ1ZydUdBZzVUbF95Wm5aNUZ4dW5pNkY0VlBWaDFSYXJPaE1GQ2E0Z2o0dTJPbzJnREt6MjB0UXdxRXZ1QlRFRFdNZ2o3QnZMcWx0bUh4b3JKaFZCOVhRZlNrUktiUUZwdGlObkxGRTJJU3FuRmtQc3JnaFdIX3FMcVJOX0RlOTE3Y2F0UXlkVFVYSzQ?oc=5,Network & Connectivity
Verizon Business,2026-09-08,broadbandbreakfast.com,"Verizon, Corning Ink Multibillion-Dollar Fiber Deal - broadbandbreakfast.com",https://news.google.com/rss/articles/CBMiigFBVV95cUxPTUhzVG5zMEgzTllObGRndG1uOXhFQkQtTlFId0p4dnQta2x2QXFyT2RmeTRwMUpyc3dxN1Exblc0a0k2Wnk0VWdGeU9tZEQ3RldIR1h6VndUNDZJSVBLY0g2d2NSc0lncWRKR29feGs3OGFOZFNwSEFjdFBOMTlHSHV6OWNWWC1aUWc?oc=5,Network & Connectivity
Verizon Business,2026-09-23,crn.com,Exclusive: Verizon’s New Channel Chief Wants To ‘Be In Attack Mode’ And Win Share - crn.com,https://news.google.com/rss/articles/CBMiuwFBVV95cUxQLUgzWldFZTVQVHBvVklxSXRjQW84Y3ZSUVRtQ0VXTTdzc1lVU3ppSFBNcFI3VmNEX2VCRDl1Zl9QUThRRUE3VXlJX0VLSWJIRlZmTjRZTk1CZmNzTmw5Y01zZ0lFYlNtSXhPbWIzZ3hZRVFXY3ZJUURMSVE5amhhQ3FGbmNITXVDeTR6U2o0aXp0c0pISHBTOTdUdklORHNoTW1zOTR5V25GRXRHRjRnTHIwRTU1eVNJbVo4?oc=5,Other
Verizon Business,2026-09-08,Lightwave Online,"Verizon’s multi-billion Corning fiber supply deal supports fiber broadband, AI expansion - Lightwave Online",https://news.google.com/rss/articles/CBMi3wFBVV95cUxPZzhwQXhSc1JfbjVZbm1fN2JhSnlvNDd4THR0aVB6Z0hRNUJkWWJ4R3o3dUZmYWs1aFVMYmZ0RXBCNlR1eXVVS2hhaXhva0F4bk1yNHJSMFdkQ251d0JMTTVoUTdJVEk3anZZd2dRMFBZZklMSnprOWRXb29naUZhQTlXcEtrNFVsUkRDeVlZc1hhVVJRaWtudGkzVmN2QUppQTFBNGJ2d2VvY01MbExGZWdMQXFZRExaUzgtWktvZi12SjE3LVA1WnpkUHI4UWREZDNpOS1IQ01hYjBUVkhz?oc=5,AI & Automation
Verizon Business,2026-09-08,Seeking Alpha,"Verizon, Corning sign multi-billion dollar fiber deal for AI, broadband (VZ:NYSE) - Seeking Alpha",https://news.google.com/rss/articles/CBMiqwFBVV95cUxQSTNkdlY1a29KTU9UTnBESkcxa0o0cG9fZzd5UTBFNWhiZ1RCdENzME9pdEM5SDU2WnVoeGZHUTc5VS1Oem1keFVwRFZpa3VnNUtvV0VweGN2LWpYNmdpT0F0RlVWTTVnRU1aODJwcEZfcWRKMnlQd01wcEVaN0hJQmdSWUlZWUwtQ0gxRUZEVlY3VGhCTnZIQ1lUekViWXhqdmljTF9NTXZUQms?oc=5,AI & Automation
Verizon Business,2026-09-09,Pulse 2.0,Verizon And Corning Sign Multi-Billion-Dollar Fiber Deal For Broadband And AI Infrastructure - Pulse 2.0,https://news.google.com/rss/articles/CBMisgFBVV95cUxNMDNqNkhJTlpBcmhyYkFSRXgwZFFDNk9oUllNMC01dUNpVWpVZGoxRVVZS2UzMWltMUowSldlaTJxUi11SERmS1hSSHZVTEF1bUE2VkFjRzJuUFNMWTdGelhVNWRpUnU0ci0tUFlzYTFfNTBRWkNSTUJfb0hIbzZNMmpoVEdPdWZ0T01SaVhSXzg1ZmQyZHJQaG5jM3VudnlDTk13dzJwRXZWYTkxRjREZE130gG3AUFVX3lxTE8wZlMxcm85TVppRzBTSnpUVUxobEtYenZRdHBGUVYzYXhwaUg5N25tTER0cTd6eV9XUHNOQUxSWGk2Qm9lNFNNVXRFMHRLdEhNOW4yYkhybmplNjBKck1uVlBMTjdvZmFOeFRGQTF0a2Nzd1BZVHJ4blhrelZsNy1hM1RnM0F0U1QtZmxUNXZTM185ZlpndFNUeUVRckRsNDVNMVUwclNfTWM2WUVPZ0JNQ3o0RzR1cw?oc=5,AI & Automation
Verizon Business,2026-09-22,Business Travel Executive,Names in the News 9-22-26 - Business Travel Executive,https://news.google.com/rss/articles/CBMie0FVX3lxTE5GMU80UHpHMmpZcXc0SER4Ul84WWFIZ0N4aFEzVEZaNlZ4SThScHhMZldack5vYnJlbFE3bDJ5aTR2OHktb204a2RTWW90Y3lRek03MFNhRW5FRHJpYm1QMWluSVEzZ0xXRnVRaXhpX0FSOC1UYzBlVjZiZw?oc=5,Other
Verizon Business,2026-09-26,TIKR.com,Verizon Stock Is 8% Off Its September Peak. Here’s the Q3 Test Its CEO Set - TIKR.com,https://news.google.com/rss/articles/CBMingFBVV95cUxOLTYzZjdYMjN2ZENNRmxIWXM3RmpwQmVkeHBHaHpLRkZNZFpQOHN3bVhfczZCeGlRZXFIRldveE9fbkI4UTFGSnBhek0xbGV1S2k5Wk1IZ0oyM05QWHpFNk85TFVhLU9ockZtakh2VHpJMW9GZTNhelBFVTVsNEhYUzNRc3ZQUXhhWEItaUsyLUhOcF8xbVM0dGJCZUV3UQ?oc=5,Other
Verizon Business,2026-09-29,Business Insider,Get a free iPhone 18 Pro or Galaxy S26 with these Verizon Unlimited plans - Business Insider,https://news.google.com/rss/articles/CBMiiAFBVV95cUxNYVVHTV92ZHQ1c2ZUcm5GQnVVZnFrZ0dCWXYzbW0tN2VhZEViTmFxcUtJTjBLOFQ1NGVhbG1uWURHckJlWkZ3QzBFSHBQYkFnY3d1MEs4SDZnLUR3U1QwbXR4MDF0SXV0WjB0SE5UMFc0VnI5NTVwYi1nbEYtUDhKWXBVLS1XaW5k?oc=5,Other
Verizon Business,2026-09-08,Yahoo Finance,Corning Shares Rise on Multi-Billion-Dollar Verizon Fibre Agreement - Yahoo Finance,https://news.google.com/rss/articles/CBMingFBVV95cUxOeERCNzVoT1BFdVBfeXBMYWNGa0dSWnlydDBYRERqaU1LSlVCN0YxLXZLNTRzeXR2cUdXVXhWVFZxaHZsVnlWWmx0N1JCaDloSE0zdTh4cW9HN2MwNkM4WENhcGdLSGFYckVlTjlWVVVkREkzYmhKOWNPdzVKNnlQdnE3ak95UEJWSTNMTTZQV1BaVTZHelg1QkRadGhVdw?oc=5,Other
Verizon Business,2026-10-01,crn.com,‘A Willingness To Break The Mold:’ Partners Applaud Verizon’s Channel Evolution - crn.com,https://news.google.com/rss/articles/CBMiuAFBVV95cUxNampjT2NROXFyNXA0T1J0T05sYmhWNXQwUzYybmw3UGtINzloeG43MWxFR05FdFcxOGpXbEtWQ3dMSTNOWi1lMHpZUjA2X29iQ3dhb3dfc0xXWlFTVzFwLWo3R1R1Q0hkTnVwMFpPNUNUTGdQRXVOQS1kbXdKSDYzQjBsS0xNT1hQMkRhcExWaGpLMXNPa0d0T3U1UFFrTEJ2NDlKcVJ5UUs0M2NQUU81Y3A4d3BYSUZm?oc=5,Other
Verizon Business,2026-09-08,Yahoo Finance,GLW Stock Just Shot Up 6% Today – What’s The Verizon Connection? - Yahoo Finance,https://news.google.com/rss/articles/CBMijwFBVV95cUxNbnlORVJ5UmhOWHhKMWJDZE5hRXZjM0NZWVJMVTlUNG5DcE1CRVRSOUVIV3hpVTI1bHdiVURpOTdrbXNaOUl1SDJlV2RrRjgxbWhsM0RxMmxtT2dnRG1kV0Nua1VZQnUzWnUtZ0ZBR28zNzR2TUY5cHhDTTB0Y1R3UHIwMi14bnlaLXFSM0hpQQ?oc=5,Other
Verizon Business,2026-09-08,Yahoo Finance,"Verizon and Corning Announce Multi-year, Multi-billion Dollar Supply Agreement for Broadband Expansion and Next-Gen AI Infrastructure - Yahoo Finance",https://news.google.com/rss/articles/CBMiogFBVV95cUxQOWtMeDhXSmY2UFNBNi1FWW0zUzBhbHZvQTJZdkQ4ZDd2LTJpUVY2Rlo0clBCRWgzdkJFVVByc2pvMFM2cDBKaTBLMVliWG1NNFo5WmxEdUlIa2NWMDlieTc4ZmF2aTIzWWdXRG9XSlFMSTY2Tmc3UDBLeUgyd1JMRmxYRUo5bmdZSzByTnV6ajAtQ0cwLXYtd2ZVZHRmLVhNU0E?oc=5,AI & Automation
Verizon Business,2026-10-01,ca.finance.yahoo.com,"Verizon Communications Inc. (VZ) Stock Price, News, Quote & History - ca.finance.yahoo.com",https://news.google.com/rss/articles/CBMiT0FVX3lxTE9EM25VeEtHQi1DcEFERHVyMzh4UzUyQndDNmswYm5aOTBEeDd1MjM1dUxzTG1VazZ6LThuTER0NGUxSzdRTGlWcU9kdlJ2Nms?oc=5,Pricing & Packaging
Lumen Technologies,2026-09-25,Reuters,Lumen Technologies to move stock listing to Nasdaq - Reuters,https://news.google.com/rss/articles/CBMipgFBVV95cUxNNjNSQ1NIb0NaNDV4azBzVDB0VUNUMzl4Q1c5Mmp2U1o1M3Y4b21nMTRNR0hzRTZOM2VQT2pVLW1PYnB5Wmo2TXlkdmVvMFp5d3N2M1VCQk5ScmhaLXFTTUIwaXB2VlBQREJwdmdpM1RubjhTZEVweVJsZFQyMTRXWmU5YmdBWE5mNkhKMy1KeU1Xc0RLb25MTHBOekh2d2pxZnhKWG93?oc=5,Other
Lumen Technologies,2026-10-02,ca.finance.yahoo.com,"Lumen Technologies, Inc. (LUMN) Stock Price, News, Quote & History - ca.finance.yahoo.com",https://news.google.com/rss/articles/CBMiUkFVX3lxTE5rRU1MUUtkQlhVWGNWemFEOW9BYUxiYm91MjJULXlRbHZKVjFUb2dvLW9FcklpT2R4Ul9DRW1zaWhSSFptX19kU2FKcEs1cXNna3c?oc=5,Pricing & Packaging
Lumen Technologies,2026-09-25,Business Wire,Lumen Technologies Announces Intention to Transfer Stock Exchange Listing to Nasdaq - Business Wire,https://news.google.com/rss/articles/CBMi1wFBVV95cUxObkYxNm9vUHROTkRvckRCaTdidHk0Qzk2WVV5aU5HU19Id0dTQmNEb3VSQzI1a09GY0tHMm50OFJkRkR2YzBTaGVUV2s0c0J1WnNZdGN6LWNwejR1Nk5IRTZveklPS1l4cV9jRnNIdFFGSEJzZDhlVjNOdngwS2FUSWdWMXl3SmU1OVgtZW1uY2g3cTBoV2F4Y2l2SVkxNldxY0Exc0IxTGpoZVFMMWpWM3BEWC1VS1Q4bk53d3VwMHYwTjFYQlljTUNzTXE0S1RGQkJJS1JZMA?oc=5,Other
Lumen Technologies,2026-10-01,Lumen Technologies,AI network capacity planning: scale faster - Lumen Technologies,https://news.google.com/rss/articles/CBMipwFBVV95cUxPZTlfUlU4cGM3SGF1c2hqZVNvNmhFY29UX0FKQWRiQUNMZTZ3ZmlMMC1fQnVkNVUwVDNESktvVVV3cUFNUnpsdG5mZzlwc3pQYnZrMFR4MjFWMjhqN0k2SXRhNlYwcG1kSk5nTVFuLTZXWWt4RTVNaEQtZVdEZFEwTlM0b0puQ2ZlcXpBeUF3Y0pqcFNzVnlTOHBrZE5MRHVRSlRQNDVTOA?oc=5,AI & Automation
Lumen Technologies,2026-09-11,MarketBeat,Lumen Technologies Bets on Digital Networks as AI Inference Strains Connectivity - MarketBeat,https://news.google.com/rss/articles/CBMi1wFBVV95cUxPQnRDMVBtY0dWckpDRWhpQ2JGSTlnVXZqQWtjdEJVMFo0bDhYVFdqRlJNTXJiSWliTDF3SXVRcjFVc3VpNDRzQUU2Zk1wOFEwNW1IZVFNRXdNUXJrLXgxREJhV1VjSi00d0Q1X05XRENYSjhuWk9DOWVDNzBjVXY3Vm8xTXlqcXphbTlmcFFpeFFwWk9HdTc1MDV1ZXYwd1k2WkliNFJJdUlReDZxdzZmVjZZNTFQUk9iOS1vcU5jRllfWWFrNHYwOWFNeTktRWdpUmlRX0E4QQ?oc=5,AI & Automation
Lumen Technologies,2026-09-13,Fortune,Lumen Technologies (LUMN) Q2 2026 Earnings Call Transcript - Fortune,https://news.google.com/rss/articles/CBMiaEFVX3lxTE9OVnBWQUptUjFGNDhjMmxPcTNNa0xlYnlNVzZtUHBxckNpZVVmWTIyalJZVDVITXg5WjlfVVRkZUNNbHZMT2I0WjZYZV9OTVBSOWtYTTB0eGZGOUU0Q0xVOXhfS0FoLXF3?oc=5,Other
Lumen Technologies,2026-09-25,The Motley Fool,How to Buy Lumen Technologies Stock (LUMN) in 2026 - The Motley Fool,https://news.google.com/rss/articles/CBMimgFBVV95cUxQdmtsNGFBckNWdlRGUFhQZmxxYWZ5SXNaSlVXT3luTW9hTFpjQTNBckNyRzkwdGNIM09xTUlpandhb2F3ekhrMVVjOG9abVZMQ28zOXRzN0t1Z3lXdGpJOXFyOUtHb29za0ladUpQTW9NVHNfZzRkLWE2MXZqekxKTlV0a1pZQ08wbDlRdGVpanRMdTIwREUwcGVn?oc=5,Other
Lumen Technologies,2026-10-02,Simply Wall Street,Lumen Technologies (LUMN) Launches Intelligent Internet As The Valuation Debate Heats Up - Simply Wall Street,https://news.google.com/rss/articles/CBMizwFBVV95cUxOZ0F5YmxVRi01alg5WFExRnF5U29ZRnVzOW9FcEJQUFlVaU9Ic0RxUnVuQlkwUHYwZWFYV1JzZC1oNURFLXA2UXdZYS16ZkoyeVNiNWk0SDYxbUY4dVdjdjVMRE4wSTFSekJ2WDZLTjFuUkphNDQ4dG1TbUJfRF9ObHFXUU0zanJUVUUya014Znd6ZXo2Y1JxbDlPNTZ4ekdKUWdFYzdlMWx1amtfcXkyMGd3ekhFWk16T0lVdl9VaHZLeWhFX2RCTnRWcllEZTjSAdQBQVVfeXFMT3BOdXpxWF9xX0JveU45Q2wwcjVBMzVnQTA0NjFFVWxTNVZZbVVuTjN1YWZRaHItc3Y2S2tQMjd1Qjc2WXhoUDFEc19IRXRjUmZDWTctRGxyQUhpaUxvYUFZWkdrQ1RxMkRzc2lYT2dOeGxVbUd6Q25xeU4xMWZPajEzRFhtdjFnYzVPYjdMb1kzajA5MUpWTUliTjJiQV81dzQ3STBKRkF1M2FXVnpZRlBKc3pxSHJPUmFZUFlNQ2FwaExpVlBGWXhINmMxZEg3RnVuZTY?oc=5,Other
Lumen Technologies,2026-09-25,Benzinga,"Lumen Technologies Inc (LUMN) Stock Price, Quote, News & History - Benzinga",https://news.google.com/rss/articles/CBMiS0FVX3lxTE16Q1F4eTA0cV9KNGx0RktrS0RZcWliaVVuTFFCVVA4SmFnVzl6MzJVT2dQQ3B0cDAtSk93Wkk2SlZZVkpsVnFmOGl6WQ?oc=5,Pricing & Packaging
Lumen Technologies,2026-10-03,Yahoo Finance UK,"Lumen Technologies, Inc. (LUMN) stock price, news, quote and history - Yahoo Finance UK",https://news.google.com/rss/articles/CBMiUkFVX3lxTFAtUGRDY1YwNnJTOEZMWENnWTdBb2VyaG50dWpQdUtQYzBFWmxtbU8xUVFXWlZOY1Z0UWlrSWs5TVdHY0s4RHBFRWJrcHVBREVrMUE?oc=5,Pricing & Packaging
Lumen Technologies,2026-09-22,Lumen Technologies,Threat Intelligence Gives Security Data Meaning - Lumen Technologies,https://news.google.com/rss/articles/CBMijwFBVV95cUxNM3NFNVdpaTItWGo1cWZUWkZzbHdBdEVraElWOUJUd1dmR05acGpfamNxQzVhUjlZcndrMnNrUzlZZWM1Vjg5T2JWMGNudVhzVWZvNThYUTJKYUxrUXh0YU1jWDJ4MmhpTFNPMjZkcmtDaTduQXFTTVhFTlhMVU9NUjk5VE9VWGg0bXdXd1I4VQ?oc=5,Security
Lumen Technologies,2026-09-11,MarketBeat,Lumen Technologies Maps AI Networking Growth Strategy at Citi Conference - MarketBeat,https://news.google.com/rss/articles/CBMizAFBVV95cUxPVFhka2Rjd0dRUXhZRjB3Mkl6V3F5aG5Ubk9pOVlTa1loc0owSEdvdmVHcmxpOWh2bFBSX2FYNlFDbDJhTHRzLWJLTTQxM1dFbFFrMkJIdGNRQU5wTFY5T3VKX1hMN3ZoM1dYTU5LX3huZXlxS3RHVXlsWVg5V3RaTmEtVmxxYl94QzV5WEdxUy1PNlBqYVpHVTNsT2FSZ29COVNLRGxpOFlyQ0hxWk5TaXE2OTRXdk5ZMHl2YVBpcUJVUUItVlplT1RYekE?oc=5,AI & Automation
Lumen Technologies,2026-09-12,Simply Wall Street,Lumen Technologies (LUMN) Stock May Be Cheap Following Its 351% Run - Simply Wall Street,https://news.google.com/rss/articles/CBMizwFBVV95cUxOUmNDWkRzUG0yaFQ3ZUloRHl1UVloMjBKSnVOSHNMd3ZsRFNOUEd5N3hGdll5azluTlZ4b3h2eVFwTms2dVI1emhvNUgteUxBSXUxR0VpSHA0R0s4VFN0ek91M1ZMX1ZuZTFzM0VZNmZCN2g3SWJZMURBOTNBODBmSkJjaF9pYXY0aDlucUp6LTloZG1JcVpHd2pPSW9pSkhQZ2tPSmQzLWJiczJaUEVBTkFuOTB4aXlTSnlsZ21RVEY2RkVIOGVETXRHZW9xRFXSAdQBQVVfeXFMUGlaY2llLWpMakdwTG5ZeGF5cnlFempQQWFrODJpRUFVOTJQNExoX3pRRUlxRHI0NTNHNWYtMmhvRG4tV1dOMksya0NWUVZKSnh0VWpCckhwZnBmNGFZajR5bGxqT0llMG9ld01XSDRjWHBrN3dKNUtkbnRNNjVwbnJnazlvdkE1Qkc3d0tEMWV0MjRRUnR1TmozZGVpX3hzeWU3TV8zb1d1OVhIZEpCYl9rQVN2a3JJODFuSVJ4eGNRNU9vWERsaU5KQzZvNFBXU3pTbFI?oc=5,Other
Lumen Technologies,2026-09-21,Yahoo Finance,Lumen Technologies (LUMN) Introduces Intelligent Internet Across 10 Million US Locations - Yahoo Finance,https://news.google.com/rss/articles/CBMiqwFBVV95cUxPVjBNY2VBVVFmV3IxNm9sVms0SGgtTkJxOU5ESGw3ME1xeHZETEFWakt6aUx1eW5QbWpZd2xTZlJMOHlNVm1uMTZjbHFVV3RFQ01MMGUxVnlSanJhWTQ1MXlIX3M4OFN6VUt2RXZ2enJfUlU1eFl0Qm9FcldEcmx6QS00LVpaSF8yVjJITGZIRWZBWnRpVEsyN0J2bXVPTHVJRWZkMDdISUx3dGM?oc=5,Other
Lumen Technologies,2026-09-25,Yahoo Finance,Lumen Technologies Plans to Transfer NYSE Stock Listing to Nasdaq - Yahoo Finance,https://news.google.com/rss/articles/CBMipgFBVV95cUxOUHJ0Mkt0WTRYVEg4NEVUdy1rWEd0MEw3LVBBUDNIUDBWaFh6MkwtRVh5MkV5M2dqc1dra0RTX0VJN3YwTXR5ZTIyMkFrSkhRVXg1dFVfSXBzSTJtU3o3MTc3dm5BNTZ0ekNQYnhjNXJVYzlkd2JzdzU0Zm1CSVZrWkVWNmVxUExwOUlFOGVEcE1VOHFMZHJyRmNpSFB6SlhDaURiV2Fn?oc=5,Other
Lumen Technologies,2026-10-03,Yahoo Finance,Lumen Technologies (LUMN) Could Be 26% Undervalued Following Its Intelligent Internet Launch - Yahoo Finance,https://news.google.com/rss/articles/CBMingFBVV95cUxOTUQ4NFptN0poTlE2T215dkFfUlNUY3Z1TGN3bFhzZ2o2eDRNQW1McnBGd3p2UktyVVlLakppUGUxVjVxUlFmQU9TLVB6bjdHTDUyS2NSaVplYWxYX3dHSE92Ny1qR3BGZVdRQmp0TTJyOE14VGJka1hkRVNSRzFjcmlDaXg0TGl1YzJTamRxRGNOcW1vN0E5a0NBc2d5Zw?oc=5,Other
Lumen Technologies,2026-09-24,Stock Titan,"Tax withholding on vested awards left Lumen Technologies (LUMN) controller with 164,019 shares. - Stock Titan",https://news.google.com/rss/articles/CBMitwFBVV95cUxNNlBfZjM5S3hMcW1MS1doUlQzNV9OVU4tTUdPSWNCZENlQTBQTzc2LWNHeGM4UHNEMnhSZjhkMEFsemVsdnd4VWdnaG5JYW4wVlUwakEtVmhYR08xRnFXMjVIWWY0RURXbW15VDZaa1dyNGRKZ3FCTDNpQkdidWR0dDNwdzVnVm9uYURPUmpkZEVfWWhnQUNaOGtzbE04YjI0QURlWDNVeDNkU0E3X0RZeGJGT01CV2c?oc=5,Other
Lumen Technologies,2026-09-25,Investing.com,Lumen Technologies to move stock listing to Nasdaq By Reuters - Investing.com,https://news.google.com/rss/articles/CBMiqwFBVV95cUxNSXp5ZnRjN01jY0hjQXFJNVdLb2kxR2xYNEVCNEJrM0h6TlpaTlhUWnVvendGSlk1cnlaSFc4alhkYXhheVBlTURNeGQtLWV2NDQ2UXdOa21SVjlKeWdHamhuTTc0RXdXUUlYUnBvV3VPNGpTSVNib2JTWjJ1ZGJLQkdwdDFsSHRYZlhtZmxCQUZWbnJyMkNPa25MbjlUQV93YlFKZnFodTNvZEk?oc=5,Other
Lumen Technologies,2026-09-21,Business Wire,"Lumen Launches Intelligent Internet, Bringing Cloud-Like Agility to Enterprises - Business Wire",https://news.google.com/rss/articles/CBMi0AFBVV95cUxONWxwQzg4QjJYUUwzWDZjWGQyRU9uNW5nSEFBZEhsdjY0NTJYV2VrQ2FzUU9fbmVvWkQwalVueWpCaDA1Mjg4MFJFU3NLRG45RHNWdzRxY01Ca0JIREpXNGdRNlNVTzZUa2dreTNyb1JQN1g0UVNaaXd5Tk9CaXdkQ2RiUUI2U1Q1V3BfR2s0VUhSdUF4T0hzSm44VmZEekFnWTVSQ0EwaHZrZlVXZlFuaG1FMmhsQzlpUmFhWmZpMklCb09VMnJjeWIxd2hRNXFM?oc=5,Cloud & Edge
Lumen Technologies,2026-09-21,Yahoo Finance,Is Lumen (LUMN) Turning Intelligent Internet Into a Differentiated Edge or a Commodity Utility? - Yahoo Finance,https://news.google.com/rss/articles/CBMiogFBVV95cUxOR0ZzQUY2T01KdklnbnlxQnJnZU10ek1QTjJickQ5OWVRdWRmeFM2UTllQl9sSWdrVjlMSlk1N3JPVm5PRFFmcVE5OWx4Z3VaY0JmcTZLUmVXUVM2RnhranlMQzVsZEVvWThlRDA4LTd0V2tibzlERmFRbVMydkFzMHZDN3A4LWUzMzRYRTNKQXdQeF81Wm1XQ2VUdXVlbnJTelE?oc=5,Cloud & Edge
NTT Communications,2026-09-24,Business Wire,"NTT DOCOMO BUSINESS Launches “Pro”, a New docomo business SIGN - Business Wire",https://news.google.com/rss/articles/CBMi-wFBVV95cUxQZ1RBaUlqZXNyeTVDcjE3bFpmNVlBT3ZQMmI4WWdLTHNkWGQ3cl9JSFZ0WjJiS0lqdjRqZWlyQ3U2NFJ1UF92WEhZeTF1RGVkcGdxWU0ybHhqeWVKOWlBdnNWUGNQUVpKYXhUdm5seXZ1cWdTdlh4WTNOZkhkVENVeEd6NjFybUViMExKVHNoV2gyYVU0bGdtNDlVVTE1OVg2Y3lqQ2c4TGZQX1Q5X3BNTXFfaHJhU0Z1TW5femE4ci1UV3piN3piMzVkUUx4dTd3bTZtalltWUNoZ2ZRTm1Kd3k5dTIzbzdoT3lNWE5STm1Ca1JGRmhZTHoxSQ?oc=5,Other
NTT Communications,2026-09-29,afp.com,NTT DOCOMO BUSINESS and stc group launch IoT connectivity solution for Komatsu construction equipment in Saudi Arabia - afp.com,https://news.google.com/rss/articles/CBMiS0FVX3lxTE9uaDJDdTE1VTFtWHdhekJWQ05lRnEtWkJMdGpoczBoUkVGV1hPdG5yZWF3bExaelIyTUFKekxrZ1NkclQ2WUxkcXF6OA?oc=5,Other
NTT Communications,2026-09-30,Oracle,NTT DOCOMO BUSINESS Migrates Critical Database Platform to Oracle Autonomous AI Database - Oracle,https://news.google.com/rss/articles/CBMi3AFBVV95cUxPaGFaMUdmdWFsMlE1TVZHQ2N6UWp4WUY0RzMwYjJJc3BPRXR6U25vbS11UHhSMk05MkFjSEtZUWRWWDFub3JTVWlrbGlSZVlPMzVzZElTSzVkbXdUakhpTkpXNDNLYlJyZGRVRWU2WUhSdXNSVXEzRXFDZWZVcDNmS21adGwzd2l3ZGxXWUhXN2Z1amxTNG0tUU12XzNZRDVjSWdFeG45c0VZSlU2NG9McFNSc3RmclRDWTBvdkpCenYzMVF5azZ6OGY1ZjlKWlc0UkxKYW53UWhWci1G?oc=5,AI & Automation
NTT Communications,2026-09-29,Eagle-Tribune,NTT DOCOMO BUSINESS und stc group führen IoT-Konnektivitätslösung für Komatsu-Baumaschinen in Saudi-Arabien ein - Eagle-Tribune,https://news.google.com/rss/articles/CBMi9gFBVV95cUxOcHlFbWRETnh6MVFrd1hRSkFubkpEdGRuV0JxUGFFUzF6V0F6VS1EeHpPc3l3R0JDbHZvc2NKYjB1blpjbWR1VXN4VTk4QmU5U2xlcWNyak5hVzExY1pqMnY2RkZKUUJwQkZkaTQ1NWZYXzlYYjFiaHVPTDE3YTd6NDFBX1lSelFMcU1RQl80MGFBWkZoYmFoZHRSbzQ4QlMtdGRXQjFvSVhhMUVNXzNOMFJsV3BiWWVQME15Rjl2MnZ6QkV4WlZRWjZGLWNodFpaREZqUC1pZHphaDlOV2Z4YXl6QnRuUDl5TEQyd1UtbDRId0lNSVE?oc=5,Other
NTT Communications,2026-09-07,group.ntt,Can Science Keep Feeding the World? - group.ntt,https://news.google.com/rss/articles/CBMiUkFVX3lxTE9sQ3FWLWdWc0NjRTdqaFdPRnlBV2RsNWJ3TDBsbW1EaWJhM19OVjNHWEx0ejlvejhZVlBvQ3NJMk5iYnhNMEdfb2tNOU1uUkxxRHc?oc=5,Other
NTT Communications,2026-09-29,Enidnews.com,NTT DOCOMO BUSINESS et stc group lancent une solution de connectivité IoT pour les engins de chantier Komatsu en Arabie saoudite - Enidnews.com,https://news.google.com/rss/articles/CBMi_wFBVV95cUxPZkJ0TzRuX2k4NkdmUXA5bzRyRlBPdXpwSExOZEo5Y19nQm9GMzZjZU9zVVYyaUJ3MDZHX252ZmxMRTJBVXVRazM3WC13a19HQ3ExNGZCWlBzQ0FCUDQ2MW16aV8tTzdzSnh0WWs1T2lpRDlUc2NzbGVRS2Jqa3VSb3pSNUVnV3JHQjE2MnlERjNraG1laGxfWldmUHpMSE93ZWQtb0htYzM2Nzh5Y3dsUDF3aEhQUTFFWVF2Z0dIZHhDQWtlVVRqbWJ0NUZlS1ktdlBoSXppNUNfZ0h3RTVmS2FKdHExbnFwZWIzdDRSMjNyZml6NDh4dHBpZUt3Ym8?oc=5,Other
NTT Communications,2026-09-29,Telecompaper,NTT Docomo Business and STC partner on Komatsu IoT equipment service in Saudi Arabia - Telecompaper,https://news.google.com/rss/articles/CBMixgFBVV95cUxQcVBQdjRyeFByWFNoUXpURXJyZDN1dlVKS1VaeDBYMU5PVG5VZUV5THJjblhhOXB5RllmbndmU1IxSkh0bEhOVHFPVVRmYnB3d2x0MHRtMjUzMDRoYTlFR1JYRTRaR2JXTW5KMjFXT0lsMGxEemR4MnZOaVNfS3ZaY2RwX2liZHA5UHR4bk9NT2F3Um9LNDBjaDZxWDh2UWVzY1NvZXNWdmZESEVrQkNoT0dJd2tmUEkteXpRaGVmNDIydWMya1E?oc=5,Other
NTT Communications,2026-09-29,Eagle-Tribune,NTT DOCOMO BUSINESS and stc group launch IoT connectivity solution for Komatsu construction equipment in Saudi Arabia - Eagle-Tribune,https://news.google.com/rss/articles/CBMimgJBVV95cUxPX2VOYVczT1hQU1o5RXh6Q1RILUFOOXQ2cjN2VGdJQWlHNi1leW83ekZMa0dweF9yZTRzeEVZcVhrYUx0V1hHSU9CY1ptQjk5N3UzYTE2ei13QUFkclpnSUVLamF4QmRscGp1Qy0yekZGSGRoZ3dVcjhFUWt1bXhwU0dpblR4dnE4ZElnVFVkUTYwMDZuVTRxWEZJN2FxWDhQYUdlMmowS2JlelFXTzc2VmpDQkFnRUEyc2dyLWl1bXloYXMwYzQyakk4YThVanRadkZKeGpnM2FIR05xUEtaY0t5S0stNnNyeDM3cVVDYjdhT1pzMWVGY3BpRHFHRzRXOTZsQzhZTGVaZ3NXTlhTWFdqVHpXQVg0TXc?oc=5,Other
NTT Communications,2026-10-01,bisinfotech.com,"NTT DOCOMO BUSINESS, stc launch specialized IoT connectivity. - bisinfotech.com",https://news.google.com/rss/articles/CBMi7AFBVV95cUxNcEU3TEZnRzFUV25QZjZIWDdOaEg3UF8xeFo3LWlIVGI5YjNyY3NCbjJ5ZXFTMTlQbWVwckhhTVp4cVZPZnZJekZhRG9hZUNHZGg4N2JKSThaWkE5dDFWUGhmNVA3UXM2Q0dvbThNb01iY1lkVnJpRW4wWkg1cmxiUTVnWTc4YkZuS3l4ZXdIUUpRekZfYWd5YUtTLWljZGVDbjNSYXFYRjdDMzZDNzBSWC1pNmd2S3BDRFZBcE9tV0ZQSHA5RmZMaVN4dXd2ZDFYQlBQdjROS1dPWDFuQzhyTEpVd196WnRseWFGbA?oc=5,Other
NTT Communications,2026-10-02,ASCII.jp,"NTT Docomo Business Can Provide Robust Infrastructure and Accompanying Personnel to Enhance ""Companies' AI Implementation Capabilities"" - ASCII.jp",https://news.google.com/rss/articles/CBMiWEFVX3lxTFA5QVZ4cHlvTmlrZzl6QWlVa1dXcW5TUExhbzY2VHZEMTBaRzU1dndRRk5BM2FlUGlFXzViVEc1SExjSXhLNGhVSjZOZG4xS0tfV2g3TktPQVE?oc=5,AI & Automation
Orange Business,2026-09-29,Orange.com,Orange Business to provide European Union's backbone network for trusted data exchange - Orange.com,https://news.google.com/rss/articles/CBMitAFBVV95cUxObHdIekxTcTV4X1V0WmNRWDRyZlNzZW5RWmdxcDZiTjI1VFQ3aWI4RVlaSFc3ZnZDdnItMTl3bENLa3gzbFFMOE8wNUE3WjhFR3ZETDBrcHdTWVNaeENPczctZExMUGZVUkJpd0JEb2NRQUl2WHhBQzVsTGFqRkNsOTZZRXJtemx1ZDFScVAyaHloTF9TaDdKU1k3LVFEMllkN1RGcmE4Yk04ZjhtSEo3N2VQM24?oc=5,Network & Connectivity
Orange Business,2026-09-29,Forbes,Orange - Forbes,https://news.google.com/rss/articles/CBMiUkFVX3lxTFBSVHNIUW14TEI2eEowVHhST1h3RTZ1akpqVFJFb1NaSXpqckFBVXdWb1k3cXNRdlRPSzR4UGhVWkRIZDVwZFNvWTFNYkZveWF2ZlE?oc=5,Other
Orange Business,2026-09-29,Fierce Network,EU taps Orange Business for sovereign comms backbone - Fierce Network,https://news.google.com/rss/articles/CBMikgFBVV95cUxQQ0I3SmRINVp2YkttejVLSTMtV000b1U4dHlqWUpweGlJZlB1SF83dFE0cjN3TUE0Z2E4ZVdvV1p3eUdSOU5TS3VSUldRYWhZYmZ2U3NESW5ybndkM0ZWcVlxcGVaUktWR0twNGpINnlNaVdIeDFoYldqdVJUczFVTmtWNVpsNU9ncTJLVGpHVXc0UQ?oc=5,Network & Connectivity
Orange Business,2026-09-29,telecomtv.com,"What’s up with… Bell Canada, Ericsson, Orange Business - telecomtv.com",https://news.google.com/rss/articles/CBMimwFBVV95cUxNUjZJLVhXLWZFNE5MM21kZ0xUb0NkM2ljVjRqX0VmdmFyTmVKTWVNRGpLek1IdXpITUZyV2JDR19GTjU0NWFqYXRNMl9HbENkLTVHcHlNS0dmc1phS1A5Y2Y5Q3IzSWtJRjNDYUp3eTlsZ3ZwVkRRMmpmcE5pWG1BTDVmcS1xaHk1Zm5PRVZDQlVtaldQZ0lmeW1pc9IBoAFBVV95cUxQM05JZEw5b0wwMWU4ZUNCeXZyUDFSYzZPNFdKV0FNRVBnaW1pWV8wQ3U3VDB5S0RtU3ltRC1jMFRXR05TandaQ1dkNzJWLVdPcEFWYUY0eV9IUEJtemlkczlPQjh3dldUQURIOE1nV2xiLTlkdnhUeDRqMUpNemFpY0JYZURRekJDajdxOXlldUM4Q2Rwb19mdmVScFNxcWw5?oc=5,Other
Orange Business,2026-09-24,Healthcare Digital,Orange Boosts Life Science Portfolio With Biolevate Funding - Healthcare Digital,https://news.google.com/rss/articles/CBMimwFBVV95cUxQa2tfeW9oV0M0M1F6ZklFOEZGa0FTYXBMc1NyRWEtd0JSYU10dmhtLWFaQ1FfUG8wZFlTUWNhTXJmcTN5Wlc1X3FIY2xlQ3lnRFpfR0xWemFyZXJqNTVRZ2ZmdWh0cTdUeEgtMDRaMzN2TlZnSENoMGpsMGFyRHpZNTBxOUdqTjFuS21BYzV3OHhsZUZyZWMyQ2RTNA?oc=5,Other
Orange Business,2026-09-21,RLS Media,Orange Business Among Essex Communities Targeted in Overnight Armed Robbery Spree - RLS Media,https://news.google.com/rss/articles/CBMiS0FVX3lxTE5TRm93MjN1QVpsN1hsX1RCSEdISGhSU1Rwa01LU25xcUhva1lJWUtjc2p3SkltLXVLdEtjdk0walFkam1acU4yX2lwdw?oc=5,Other
Orange Business,2026-09-22,Mobile World Live,Orange backs French pharma automation start-up - Mobile World Live,https://news.google.com/rss/articles/CBMikgFBVV95cUxOYjV2em1TUlQ5S09KV3BWTXZVaWd6YVFINmZaZjJEdElYbDVhYXBJQjNMUnZfRXRvMVYzSDFyZGQ0eGUtUElhM3B4MDYyUnpVM3kxamFHTGNkYVYzQmdUTDVsYjNka05MUlU0MjhEVjhFUmpoeWV5aWF1U2p1dGJGMU92cnRBalZseXhnT1ZKbkcxZw?oc=5,AI & Automation
Orange Business,2026-09-29,sdxcentral.com,Europe turns networking backbone Orange for continental communication - sdxcentral.com,https://news.google.com/rss/articles/CBMipAFBVV95cUxNY2c4T0toZXg1aURfWGJ2SjBXaDMycE9ocFNqcVhfbnJfY1RnYkZ6Njd2dGdWc0tuNE1xSjgzNExLemJvdlFZSmdoRHlqLVFoZ1hkNEgzNEhJbUFEN3o0UkpFY2Q2YllNTWdBQnZIT2xUTHlxT0pMVUpkOGRRci1GbHI5XzRrOXN0YnpTaGxBcjlnT25saXdCWnF6SjVzc053NHdOaw?oc=5,Network & Connectivity
Orange Business,2026-09-30,Telecompaper,Orange Business expands UCaaS offering in France with Zoom Phone - Telecompaper,https://news.google.com/rss/articles/CBMiqwFBVV95cUxQMGl6dFBUekgzVDJDVDRXMmVORTdZd0RsZ0hwTzBPSkF4akFhcDl6RFUxUjB6aGZLZnBsQXEwOFM2OE1zRjJmaERTS3l1ay03ODU2eGg1RXMzZklJNHh1dDZwU3FOcXNzLUttV2RaNzlYVE1aYTVwRDhsMV9CbkdEXzNwSGM2UUJjRWJmU0ZXU2FhSkRkSEhFZGdkQlhvb2ZDT3dSdTdNcnlXLUU?oc=5,Other
Orange Business,2026-10-01,Romania Insider,Orange warns of quantum security risks as it expands B2B push in Romania - Romania Insider,https://news.google.com/rss/articles/CBMikwFBVV95cUxPck9ZUUlHV24tcEd6T1g5N0dpR1plZXZVM3ZldWNoVEFERW1TbkY5NVV5VFNPbGx0M2dnUlR0cmdTbHFRajR1djBNVC1Zb0FaMEE4YVZDb3c0NlBPTlVnTmczVFc2MWh3eEhwQXlVVzlkcWFwSzlCVFptTkp0ZTlKand5Ymo3OEpseWw3MThDNmNHZDA?oc=5,Security
Orange Business,2026-09-22,Orange.com,Orange strengthens its life sciences innovation ecosystem with investment in French health-tech start-up Biolevate - Orange.com,https://news.google.com/rss/articles/CBMi2wFBVV95cUxPMFd6YVhST29kYmM2bm5qQ1A2TVJ3NFZhNmFyalhuR2J4SU9ueWxaZV91R0lMR2JackwxRjF3enF3d254SGZ0OGpBbG1xem9LMHRkRHdGallad0x0UE9kZUVaaHMtR0RqbjZPNGc2Z3FZNWZjdG5pN1RXb09kenZoSFpmVGNRMkZRS28zaXMxeGVKN3dXWDdqS0lJR3ZsUkpEMFdwVnhET0tPcmsxZlZabVRQZ1B6cDZ3bXEwUUpVY3djWXZscUlLQXVEWGJHWV9LdDVHVW1IT3dBaGc?oc=5,Other
Orange Business,2026-09-29,telcotitans.com,Orange Business lands leading role in EU fibre backbone upgrade - telcotitans.com,https://news.google.com/rss/articles/CBMiuAFBVV95cUxNUE1OLXR5OEQxUWZRMlU5Wk9Ka3Nab2tkczhTbU5TWV8tTlhxZUgyZDB5S2xSbVBvbFd6Z1VOMXAtck94N0p4cjFOeFV6WmpMbHdHYmpGN2tuU3BiOVV3bFA3VURLZHpZRGNwN3VkQlZ4Y3QzMndDLUQ3bklqQmFvNk5GNG8zSHVyN3ZDRFduQnZZN21oNFE0X1QwWWpNY3hGbEliOWpUa3FHRF9vQ08yOVJXM3NnSTZY?oc=5,Network & Connectivity
Orange Business,2026-09-29,Mobile Europe,Orange Business chosen for major EU secure network project - Mobile Europe,https://news.google.com/rss/articles/CBMiakFVX3lxTE1oeV8wZVByd2pPMnZVOGF6U0VDNW4wX2ljSW5LYWt3ZERLX0Y0MERIV0tWWGJ4YlBpWDVlMXE3MkU4Sl9QODA4UEoxTFhMbl92WFBrR1hRWUU4cXN0My1xLU5nS3dDUHdlX1E?oc=5,Network & Connectivity
Orange Business,2026-09-29,Ideal Investisseur,Orange Business Selected to Deploy EU's TESTA-EIRIS Backbone Network - Ideal Investisseur,https://news.google.com/rss/articles/CBMixgFBVV95cUxNYlplcExTYzFFa1VDNEowVFJVTGQ2cTZtZ3g0NDl1OE5rSGN0WWR3WTlXdk1xUWlPak5uRTAyYkF2REdoOEZQWUdYMXFBVmNaTDhXbTIteDVPQk41clFDYWZ1V0I3Si1oa2lvcnluUEVqckR5bWcxV2RmVkZfTUMxWXhwZE5WTkNEMU1RQXRSY3M1QjRFdzdVUHpVc2p1TWh5UlJQUzItV21LRE1yWEtrSmNXM0p4OFRQR3FreEdHajRaWVN0MWc?oc=5,Network & Connectivity
Orange Business,2026-09-29,Telecompaper,EU picks Orange Business for TESTA-EIRIS backbone network contract - Telecompaper,https://news.google.com/rss/articles/CBMirgFBVV95cUxNSGtrS3RhcG9PQkEzMVlKYjNLMW9DVW5wM0kyR2VobVdabnp0YWxJMnZWVENGYVhGMFNydlJNWjZvSTM1b3Bac2NvUEpXS3YxY0lZUXRRZHlxdzdVMzFZT3VyZ3lPb2VlR0ZRcjl2U256S2FBd1hibXRNdDV1UkpoUDl3eV9tT0VPMWpkTF9La2RtalZvUEpsd18ySk1EWjFiMHpVbExCbjNZRFE5eEE?oc=5,Network & Connectivity
Orange Business,2026-09-23,telcotitans.com,Orange backs startup Biolevate in pharma AI push - telcotitans.com,https://news.google.com/rss/articles/CBMipAFBVV95cUxPMlE1My15X2JYT3ZpQUNFWTRoMHVuSmN4RFQyTmpnOXRwTFBJTGZqMHA0OXd3LUFFT1JYam8wNDk3aHB5ZzhsNHFnTkwycFhUZGVrbzY2NnI5Y1ZqbWpzNjV6SDhiQ3JMY0FSZ3ptNDlvTnU4LVVuU2NLT0JoTXJrbEllaWNDbWk3UnRWWUlGLVNTN2IyX1EyUHdCREpGa1BYX2JVNQ?oc=5,AI & Automation
Orange Business,2026-09-24,telcotitans.com,France Peoplewatch: Orange names new cloud lead; Bouygues’ B2B reorg - telcotitans.com,https://news.google.com/rss/articles/CBMitAFBVV95cUxNSjNucTFONGxnTFo1U2oxS0g1T0t0NFY4U3hHdEV0ckxjVzU2RFhLTnVHMk0wSEExcWV5RC02RVlvUlhoVmtqSjM1b0pxcVFLU3NWLWlKbXRUbWJ6MkxITHJSUkZDb2RWeTc5YUl5T0ZuTUJoSHdKQ21oZjNibGhqMmg5cGZvS3ZRcXhBMEhPT2dCMXRqaXVKSF92RUJodUxGU3ZuRTBPeVRnQlhkTERMWnF1R2o?oc=5,Cloud & Edge
Orange Business,2026-09-29,Demócrata,Orange Business will create an ultra-secure private network for the administrations of the European Union. - Demócrata,https://news.google.com/rss/articles/CBMi2gFBVV95cUxPaFBfMnhNY3RFM1NRUzdGOHV2eGwwckNWdWZ4aTdXdXVUcTU0dm1EdnJkaWlGN2prYnVXa0xXRm9OR3p4anVFY0ZURHNhTHdXdmhoR01wcUlNVG9udlI2WDhhTTdIVDBMbGVMdHR1VzVVTHEwWmFmc3RPUTc2SUg2aFNHam1DSmx5V1hxLTVEOFc3bGJ5ZlA3dEYwMDMxTHJRWTh6bUZ0aGFtSTZRQVVwWVo4SVJPeHlXUHFTbUZXTVY3NWdQVUlFLVl5ZkNqVnpTMjdMRF9aM1E3d9IB3wFBVV95cUxQX2YzTEVEbE1HQ0lyT1MwWDJVd0ZMUS1xa2s4TU9hWm44RjljcWVlUE1RdjNBeHFleFhUZ0YwSXAtNGktRVhqeDBnN1ZMVVp6R0JqOUlXMDVIaFN5RGNXSUFoRW9WWlkxRExaTzFPWjB1eF90Q253YWIzbDNCaE5ONjEybHJYQUg4T2FxS0tKNFJTWVR4UUpnMlJMdy1JMjNQcW9ZQjRjSzlBRVpFV1YwcnE5M0toVm52c0hRVGJMZU1qcVRia0tiOXJ1OUpnbXhTRldsNXNQaGVSOFJWVWpZ?oc=5,Network & Connectivity
Orange Business,2026-09-29,Ideal Investisseur,"Orange stock, oversold, extends its 9% decline over one month - Ideal Investisseur",https://news.google.com/rss/articles/CBMiuAFBVV95cUxOLUZwNF8zdUN4NnFpVmkyN2FCSVBHaUxNUWJIRGQxdERHbXVpTGxiSWdiTHpyS19tLTVPTllCbEZRRDc4OWFUNjNPVTNkUm5ldkg0cFgwaDRSdk4tdU5QZVBRb1ZoQ3ZKY05FNEtfSWRITk8zN2JFU2ZXcFlERGx5TVhKNExvS2NfR2czU3c2UktrUUdLZmttX2JxQ1p4MjhYdWZrd2VmdGlfZnpiWDN2dmdtaE5NWlF3?oc=5,Other
Orange Business,2026-09-28,Central Western Daily,A clean sweep for Neweys: see who won big at Orange Business Awards - Central Western Daily,https://news.google.com/rss/articles/CBMirwFBVV95cUxNaFdpNEd2MlRTSC0tNGRlNmZIOFF4V3o3UkVuWXhHVGl2RDRHdldRTjYxNm53dG9HN2MzVm9KREpQcTNjdnNJUGZIcFFVMC1MOHlfbkc0ZG16cHNtRGFSX1pYbHhCYldoek5JTU8xZEhqX1ZweWpISW01blYxdFpzbUU0bms1aThRSHVORVpWaXdTUUFsRmtmNHNhNXo2WFpDY0JKUXVjWEctNF93ZHJz?oc=5,Other
BT Group,2026-10-01,ca.finance.yahoo.com,"BT Group plc (BT-A.L) Stock Price, News, Quote & History - ca.finance.yahoo.com",https://news.google.com/rss/articles/CBMiVEFVX3lxTE5WTnM4STNNdEpDZEVQNG1vUlAzWFU4NUYzNGFMMkp6VzZZU0FkRU03WnpiVFZUaXBpb25lTEh3R1VqbVloV1lGNW92azZKOFZ1RTNQaA?oc=5,Pricing & Packaging
BT Group,2026-10-01,Financial Times,BT seeks government nod for potential TalkTalk takeover - Financial Times,https://news.google.com/rss/articles/CBMicEFVX3lxTFBYbDZDdUVOMDgzVkNpQ3huZ2RzTmNEQlhPaXNPOEFzN0g3LUthV21yX3NYVXRlejRRSzhjTnRvWWdpajJnLU5fWnE2dWJVZVVfeEVxNmRTRzN5LURFWGs0dXducDdmM1g2ZVJHV0lmUGs?oc=5,Other
BT Group,2026-09-29,Simply Wall Street,BT Group (LSE:BT.A) Stock Forecast & Analyst Predictions - Simply Wall Street,https://news.google.com/rss/articles/CBMie0FVX3lxTE9PeWhyZUxFanJCNU5qZGJKRmxhX2ljcFo1MFp4d0hzcUdpUzlUWXVzUUVDZEJxMkZmYXdSMUdYZmJkU1RXczlqSURXRXJiWmt0OHV3RnRXUUxwM2pIVkhROGw3cThlbWlNeDN4WVF6eHRsQVF4RzE0NF9SNA?oc=5,Other
BT Group,2026-09-15,Forbes,How To Buy BT (BT.A) Stocks & Shares - Forbes,https://news.google.com/rss/articles/CBMifEFVX3lxTE5qaGd4Sm5yd1hMREV4dURwNm1EaWREMkxjLXpNWG13Rk41ZmJreWpVdVBFNUM0RFBLeUlJeF9FbmI1WndWaWV2NW1NRFlHbzJKUWhSNnBKVmJrbnBDTllfaS0wdmNMa21ZVHd1NExfRGNsLUN3RFdzdlUzdjI?oc=5,Other
BT Group,2026-10-02,TradingView,Key facts: BT Group plc bids for TalkTalk; confirms three brands - TradingView,https://news.google.com/rss/articles/CBMiwgFBVV95cUxNcGpNN0x5c280VjdXTVZjaDlRa2R6UDJDSEVUOWstOXZIVWJqeFVReEdkREE5WkdKTi1mOFh5ek5TcmtRb2tCbnkxX1hVQWR5LXo0ZnBKbzBCN1pUNlFXY2xLYlNOZWFjQ2l4aEFBeHRObHhkQ1pyNVRuOWwxcE9lRkltbWZLZWU4REFIS2pZbUtDMTJXY0xWVlRiQWxXN3pVRXozVFQ0R1puS3NpdHFBNjR1UnU2NW13aTBrUU5JekZ5dw?oc=5,Other
BT Group,2026-09-09,aimagazine.com,"Datamaran, BBC & BT on AI & Net Zero at Sustainability LIVE - aimagazine.com",https://news.google.com/rss/articles/CBMiigFBVV95cUxQWXFzXzI5bHRSQzM4Rk9XMThmN21QNGZ1WkRZbmstTmF4NVBEdUtIc2lieFdFU1ljMDVEZXlGd0lHNlhiTERtTG5KaXZsNnpRTXlwZ1dKN0RRQmNUbTRkTjA2WFV4UU5qVkl6enQtT2JScjBDMERudVZLaHRyTjgtVXlEekx4Q18zNmc?oc=5,AI & Automation
BT Group,2026-10-02,marketscreener.com,BT Group Reportedly in Talks With UK Officials Over Antitrust Scrutiny of Potential TalkTalk Deal - marketscreener.com,https://news.google.com/rss/articles/CBMi5AFBVV95cUxQQ0FlTWl4eGQzc29kR0F3VHhiN08ycDdnUUZPTmNxTVZ1bkJsTHEycjVsMnBaV0FSN0d3MWF4b1Nyakp5SUhoVmFYclJLc3VrZjVOMkpVb1RjN05XQi1TeXBxVUFqNjdKd0JlT1dWVTliOTEwWndIRFN2bDhFVzA0Y0ZuSi1iajAxN0p6LVo5S3hXa2M2SkNBYzJ2bG9PU0lhT2JMYjJab3RkMlo0UnIwbk80ZFpvUXZva2NCd080NXJIQk56Y3lfMnlOTVBrcExISGpwNXJ1ajl5UUJoVDFiajBUOEw?oc=5,Other
BT Group,2026-09-20,Yahoo Finance UK,Are BT shares a bargain at £2 or a value trap? - Yahoo Finance UK,https://news.google.com/rss/articles/CBMif0FVX3lxTE0yTWdkQzlIeERZeW9oZWh2MFRuOWZwaGxpbXkyS2RTTXptRnNNTzRzaS1LVV8xYVhvTWVKV3pKWkMtSmxoT0lmbG1pMEpvNWxvM0NGYmpBdUM4bG9CWHpLMjhvWFlzQXdYRlBfQWdwWXpSNDl4bllhd0JzNEhqOEU?oc=5,Other
BT Group,2026-09-18,PR Week UK,BT to axe chief corporate affairs and brand officer role in comms restructure - PR Week UK,https://news.google.com/rss/articles/CBMirAFBVV95cUxNT3l2bG9rOFJ3ZTRBMFJ4U3ZNMnUtT3JRNVVMYzN3YjJtOThRb1gxenVDWmFTVFZzRk5MZ0pXSmk0M1YtS3ByX2VjTnBSSG9zWGFSV1JobWxlRmJZLXZYMnd4elhnYnVIRmZJZ3diS1FkejJBWUdOUkVkQmRseHNuaGZYUFJsbmFfemV5WHpDU2ZrVW1FV3R5R1JUWVk1cTFaMXRMYWVBdmptakpm?oc=5,Other
BT Group,2026-09-17,AD HOC NEWS,BT Group stock gains as FTSE 100 rises after Bank of England decision - AD HOC NEWS,https://news.google.com/rss/articles/CBMizAFBVV95cUxNV1RramF1T3E1THZCN0U5cjRac2UyVmRpdy1KY3VlbVhCeDJsODZHcjVuWnV2bXlMM1NJRHZtNG83YllBSUdheUtCSEN3NU9tanNWWFRkNENla29Wd2RCcnFVTEdGLVFfUEliMVoxVFRSSWdFYTlGbVJoM01uejBLR0NPNFB6UXMzZnYyc3lJNmN5NHRkNkNKUmFsbVhVdVNiYUZvQ29kdjk4QWVCSmJSdjZjSlg1MDRkdnJDVTBpVi1teUg4MU5TSUFNR1U?oc=5,Other
BT Group,2026-09-30,Sky News,BT asked for payment waiver as TalkTalk rescue negotiations intensify - Sky News,https://news.google.com/rss/articles/CBMiqAFBVV95cUxOaUFYdllBTkd5TndZTlExR3QtTU8xXy1pbE9ES0FnTE1CTkkwcXk3aTNRNmRIZFJfT2x5Q0ZvbTBUX0RRZ2tlTXUzckQ3bjhYeTFNbDZBRGY3ZEk1cHdFaWFMU3V0bDhlYkZJNVlUT1FwMjZUanlKTWlkNTU2LVIzQmZXdG1NMVRncllMWThfd1NnYUgzU2lTN2R2anZMTmJzVWhmRDVvQTA?oc=5,Other
BT Group,2026-09-18,The Global Legal Post,BT lines up former Rolls-Royce GC as next legal chief - The Global Legal Post,https://news.google.com/rss/articles/CBMiowFBVV95cUxNZWxDenRVSXZMdmlYLTJRRV9XUFp4UHR5X1dvdzJGQ2JwWFhKZjFmeDlzNHo3LURhTU1Zc2cxWDZUVmlXRXZBSlYwODBHSVRhRGx6blNXQk8tMjBKaVBVVFFGQ3BSYk81SmtNWGZDQXRHTXlyTTZwSlhrMmdjRkllWTg1ZGFiZTNNcTRTcG5FVkExbkMybXFQZW1ONC0xWWJhTGNZ?oc=5,Other
BT Group,2026-09-28,BBC,Lisa Nandy MP turns out to support BT relocation plan protest - BBC,https://news.google.com/rss/articles/CBMiW0FVX3lxTE1rRlo4Ui1ZN05vY0Y1TDJ2SmNad1NIYnBMU3VZeFk3d0RQR21QTm1LUjFVNTlNb3c5QlRvZzRIVkZIZlY5UDU2Q19hNlY2VnprQ2J4MnZydUVTX3c?oc=5,Other
BT Group,2026-09-18,incomms.com,BT to axe chief corporate affairs and brand officer role in comms restructure - incomms.com,https://news.google.com/rss/articles/CBMi0gFBVV95cUxNa0NmSTd1VVdRbG9GTnlHNW5NUTZXeUpKQWFXVG55Q2I4WG5pMGdlZHhnS2lEVGpSNVFUVU5ZMkdNMzNzMFd0SGhiVE9FWlBtUmk5ajlIcEk0QmdTOVY0UXpPbVBlQ3NUUlN2MmRJYnpLWmN1elBUTWNoX0lvZ0M0cU84VlVjVHVnODlRYlJGMGI0aVFydXNua3c2d2ZOTzNzRWowaV93VFhucDBOelJxNHFBS092SUlfUnlkMDVJbDZTd3lRZjZDbGh2MTNaSG9hTHc?oc=5,Other
BT Group,2026-10-01,TradingView,"TLV: Ambitious 2030 growth targets, digital innovation, and strong financials drive BT Group's strategy - TradingView",https://news.google.com/rss/articles/CBMilgJBVV95cUxQSnpqTHZfcHZWWTJaMGlaTERIdG54bkdfSl9HdHJ4cTQ1TnFhaV9mZENJZXFxWVJvLVdVVWJXdmtjekNuSDBjNzJaY0tEcF9OMTZyekpMUm5LdGxlQjZCX24xbnp1akVWcWpCN1NqbEE3RktqTGdZa2RDQXgwRTZyTEM3X0ZTZ3JrV3ZCekxkV1pPa1dTSmhqRnZUQU1WdFl0dVNGbS1IdktvaHhrWlFLNGdRSmJYSEFKWGZkY3dwUXRVNUV5VDRGMkk4LVJrRDFjcERIeHBCbV9hMUQya0JMYjFvMWFHY2xmSUdPdjlCRVl0b2g4VTNTSUxrX0lBZXg3c09yckMtNzlqWFB0WEowREdIMkFRUQ?oc=5,Other
BT Group,2026-09-28,marketscreener.com,Ofcom Orders BT Group's Openreach to Withdraw Full-fiber Discount Offer - marketscreener.com,https://news.google.com/rss/articles/CBMiwgFBVV95cUxNZFZZQUQ2Zk5tQm9zRTNsVk94SFBaaWMxc1JEMFRzSlREQ1U0NFV4OGV0MVZVSVpYNnppUWpyVUxEWngzbEJ2RmwzeEdxRllIS0d0SmFibWQ2ZHMyR1A3Z0NSdG5wZERUeTBMTGx4V1M1SDRRaXMzZzM1aTVtVnJSZkU3Ul9wUXNIaWR1YUtqN3JYb2g4Q1Q4TGp6UGh2cjZSNk9FbW84VW1hTnNxQWl1SXFXYWx5WlpWX3AydURtLW1hQQ?oc=5,Network & Connectivity
BT Group,2026-10-01,Yahoo Finance UK,"BT Group plc (BTGOF) stock price, news, quote and history - Yahoo Finance UK",https://news.google.com/rss/articles/CBMiU0FVX3lxTE95RldodFdTbklmNGFnRDBNSnRDX0JkSHR4WUxOQXJxMHBsWVVsZThFTi02QVJ4X3JXbDNrZ3UxVkhmaXZ2ZGgzOXQzbl9fbmZRcmpj?oc=5,Pricing & Packaging
BT Group,2026-09-18,AD HOC NEWS,BT Group stock heads into the open after a 1.17 percent gain - AD HOC NEWS,https://news.google.com/rss/articles/CBMiwAFBVV95cUxNRTNGVG8zZGcxRElzdkJTTGlpNk9xSUE0WjJCRDVrbVlpTDJuNFFsOGlOcVF6MmVhSm9iMExWRGh2RlZyQjRaSGg1T0l3OUJDckVVZkswUFkxa2JHZllxOWNldTl5bXN0cUJfZDRGeldDVFl3QTdXMkItWnNYZE1HVmw1c0U2N1pWX2NaRW0yYkVoN0ZFajNCM1kwdzZBanVyVVdRYlpUNUZUMlAxR1I4RDd1cU1IdWMwLWZwQ241c3A?oc=5,Other
BT Group,2026-09-23,Yahoo Finance UK,"Down 23%, what the heck’s going on with the BT share price? - Yahoo Finance UK",https://news.google.com/rss/articles/CBMiekFVX3lxTE5NUG1lMFpSZHhScTNFejVnMEtFTnNuS2hGcEtiTDk3VFptaG5xU3dZeUl6ekdXMUFZdUpOVkNZQUFkbENZV2RYR19LTFp2V2NZb0lMbWFma3hZc2VrOGdXS2FLRmhvRkJfZlVuNElPODJpV1NHWUZoOW9R?oc=5,Pricing & Packaging
BT Group,2026-09-22,Yahoo Finance UK,Why is everyone buying BT shares? - Yahoo Finance UK,https://news.google.com/rss/articles/CBMihAFBVV95cUxON2d3cVNWUlhua1lZS1hDR0kwTnV1UGRuamdrYTJkM3NZS21xdi15aG1RQ1lKY05KbVFxYlJjczBkZ29GcmYxYWlmM3N0b0liSXlDTXFPdnh1RWVUeXVRdUdYNElIOERrSDVHSG9uQkRMV0xkVXc1UDBiMXNUMGVmQzV5MUs?oc=5,Other
Telefonica Tech,2026-09-28,itchanneloxygen.com,Telefónica Tech Announced As Event Sponsor For Inaugural Oxygen Awards - itchanneloxygen.com,https://news.google.com/rss/articles/CBMioAFBVV95cUxQM1ZmY3dSUUVEVU1zTEJqUG9fRnl5dnVtV3QtX01nMnhDbnQ2TUlnSkFGYUpKYnF3UkI0RzlkenFjSC1rM3lwbGdmcXV0b1BiLW9kTXBkRjVmVjZpTDFMRDFvWW5lal9FSk5ZS3JhR0FxNnpFOHJQRjY5TUhVY2VBbUpJNGxyQXBKdXUwZXhqbDUwNC1ENmw3Qk16WWJ2STUy?oc=5,Other
Telefonica Tech,2026-09-30,TelecomLead,"Telefonica Reshapes Spain Business Around B2B, B2C and Wholesale to Accelerate Digital Growth - TelecomLead",https://news.google.com/rss/articles/CBMixAFBVV95cUxPbjhSdmpCTWp6R2dsNjFMbmwwemNyVnFKTFlhRnl3dFBlWHB4bmZTejVsRV9yTmxwZDNiNVVMaV9hbDAwOTYwV2dDV0wzVG85UUE0alVSV2Z1OU0wWmJMa2twNDNZdUUzMEZHYmJ3bENrcnNLdjVrTFZlb3MyX21pNEdaSlBXejZ3eXlLdkQwTFpmVkRSSDJ3RWFoUk9qZmtENU9ZV1dFZXNOSFVkNmVtNndqbkg1QU5SNGFxOUxxOHhOTGNB0gHMAUFVX3lxTE5HVnJiZmxjTFEwVTlHUHRjVUpvdkcteDUtZF9BNjVLT2xlQnh4elJ6cG1DdUY1NnpkQkpYeEVQcDQ5UDVkV1F6X2RNY3VURXFDOEtWZ045b2Z0cjVwanEtU2VCdE1JV2F4a2U1UGxDTm5sZzljdzg4bzlQRW4yMEdrVlg4bXNIOUw3c1dFU21oU1BQSExwRFNXV0hrT3lfTmQ4U2ZVeXFZOUU1NUJEam9IZXNVQWNfVlZaMlpCaTN3QnRKSkxVa0ZiY3k0dA?oc=5,Other
Telefonica Tech,2026-10-01,Telecoms,Telefonica tinkers in Spain while Germany and the UK wilt - Telecoms,https://news.google.com/rss/articles/CBMiowFBVV95cUxNdWxXb2RkNkhsWkdWQ3RRSDFkMXRIc2dJTFQ1aDZLOFNPQnZ2M19qX2UzTm4yaHNsNHJ0OFhjbFVxVXFuYmdUZzMxV1NmN2dYb3U4eGo3Rmc1YnI2ZWNtYUZSVnJxWW1SaHY1MTM5WU9RNmNPbzhOSzdPYmtkUGE4ZF93cWstczJZUlV3WGNoUHZ2N0xVRnhzTDhIaTFKcEVWWW1N?oc=5,Other
Comcast Business,2026-09-29,Comcast Corporation,"Xfinity and Comcast Business High-Speed Internet Now Available in Wayne County, Indiana - Comcast Corporation",https://news.google.com/rss/articles/CBMi1AFBVV95cUxOeUlIbDJGenpSQzRlOWdQSC1SSU4yZ0s5ZDN2OWxSaS1FbDJDTGJ2b0RtcEN0aVc4aGhOMi11Ty1nOXY4eTZPQUNOM3JpcnJtT19jcnZaNEJoNDY5OVJOSVZ3Tnh0Wk9jbVgyYjRzUjcyRmVhcWpNNzNDSVFuazF3bS1iZThOZTg1SlpxWUN2OS1vc0FjOWp0MFRfMTYzYUc5MUItMVhlZXVqSGxTdDRyYmw3aDVmSUFvdzBWcWZNcmtNSkVHcldFOS10MjFiLXV1UXJBeA?oc=5,Other
Comcast Business,2026-09-23,Business Wire,"Xfinity and Comcast Business Reliable, High-Speed Internet Now Available in Milton and New Durham, New Hampshire - Business Wire",https://news.google.com/rss/articles/CBMi-wFBVV95cUxOMjRBVS1Cei02WFJHYmhsWVJfNDdiYU8weEdfNXlLVEVVSnVlODgzWWM0YkZLNl8yS0s0c2RpLU9mZk91WGNSbV84MFFHOFlrYVJUdFM3cEh4bzJ2RnJWWHNBOG56WVNRM2loNzJleDd4RHpZYWx5a2FFQmE5ZGRraWg2eElvRjI5aERIREk5aGhzRjIxTGdIOG5KenIxY29OLXYzUHdRTS1acHpqSC1UZUFRUjdXMHJONjRSbjBJZGxGeEtFa0F6a0l5eDI0Vmt2Q3R0TlVkQTlXa2ttZTByVVFqdmtIUHdVVWNHekZub0VEelJtUjhhdDhDRQ?oc=5,Other
Comcast Business,2026-09-30,Comcast Corporation,"Comcast Business Solutions Now Available at Fox Haven Square in St. Charles, Illinois - Comcast Corporation",https://news.google.com/rss/articles/CBMi0gFBVV95cUxQeE43X1BKSU5xMjhzTjZ2ZHhZQ3BkTWtyVmZLclNyTXE5aEJlemp2SzVLdnprYVJ5clhQeDF3MGRkbGZtSS1wQU1WX2tqZ0V6b2dEM1dfakJNMTJLaUViVk9JRHgwTi1SeEVtVklGVXdKUTlDRHJpV3daazQ4SFlvR2xiQUM5SUxBMTd2LThVam5wa09fTTZkcmsxU1RDQ3F4TjNtTXZpLU1FeVJxR3B6dF83b3Y3N2xVa1VSTmNtcGRJcExKZ0ZFYVpYSzljX09TVnc?oc=5,Other
Comcast Business,2026-09-15,Business Wire,"Xfinity and Comcast Business Services Now Available in Beaufort and Edisto, South Carolina - Business Wire",https://news.google.com/rss/articles/CBMi3wFBVV95cUxPUkIxb3ZCZ1pWOGxNWGxEck1pZjRoZkRCTko5M2RIWXozZHhodkFJeHhTQTZ2ei1na3dMeUhMUmRBUmZ6VEJ2N1F2YldsTUNhYWxuVEdrVFpLRGJKTHg5RDBiNGFZUTJiM0VhS3ZNV1lkZ2MtSFR6OGtYNVFxbWlpMFNGT1cxVHFBQzZSMnNhX1psZEYtUUxXZXhKUWxLSm1ybmhLZ280eU5yNXB1VDhSLWNCTEpnMzl2RWFVMGYxOXI3Z1lmSTh6RTdFNE13Rm5tQzNuMkJFQnJPeEd0dHRZ?oc=5,Other
Comcast Business,2026-09-17,Comcast Corporation,"New Xfinity Store Opens in Northfield, Vermont - Comcast Corporation",https://news.google.com/rss/articles/CBMingFBVV95cUxQNGxZNHFjXzVaUVpLc0k0Um9qQzNhWi1YbUZWZFQ2OThtNFMyMWFNdk5FOEZFX29JYmk1c1B6blBoNjd4M2ttRTBYVWtqWUtJY2xGRlRqWmxoQ1JxODY3Yjd2c01EVVpjRlBhcjBkU1I3TkJLdGZpNXhFU2o2RF9TUnYtcDBDanJ5TXlYUTI1OXNmZGppRjZWUTYwa0Jxdw?oc=5,Other
Comcast Business,2026-09-10,Business Wire,"Comcast Business Opens Its Last-Mile Network to Partner Platforms, Starting with Equinix - Business Wire",https://news.google.com/rss/articles/CBMi3AFBVV95cUxOazBKYXhaUy01OG94X09tN3BKNzBBZC1TR0tjWFBnSjB1X2JvSWJTVWRRang1S0ducUtqaXR4MDZCTnVZY2R5dllFQmRvX25ibGE4RWhmcnpHTXJ1NTEzTnF2Q0FBMWFySE50MEt0czRZVkxmMjZnZGR1VEdoam1wSmgzQjhmWVJLTmw2TXIzQWdtTkNaVEV0Yldlb2Z0UzJYY2xtWExvRDlIQW9naU1vTG9mS2dGLWFBSEc1SmVmdmV2WHlLU0tsMjdWVlVfUDVmamwxWmFoNEt1aHly?oc=5,Network & Connectivity
Comcast Business,2026-10-01,Comcast Corporation,New Xfinity Store Opens in Doral - Comcast Corporation,https://news.google.com/rss/articles/CBMijAFBVV95cUxOSHBBM2Q2OXVycWQwLTNlZ3JMZDdEWUZHSXYxdTdscWVtcmtwc3BKLU1HQVZJY3JxVlIxUUEwUTFjX2hESEdZMDFidE0wcXktSFM1NDZLYnZMem9TS0xSb21YTWRCWVd5OFg0U25FN29pTzhDLV94LWFoc25XaFJ4eGZsVFI2SjhiMWYwYw?oc=5,Other
Comcast Business,2026-09-23,Comcast Corporation,Newly Renovated Xfinity Store Unveiled in Denver - Comcast Corporation,https://news.google.com/rss/articles/CBMiowFBVV95cUxQU201emtHWFNIVDlZanZwQ1A0aWVOb1YyWTVWVXRnUGVMcThnb3N5TkFyX2ZWVTdlSGlpRDV1Uy00aDdmQVRSY1VBWTMyaWpDam1KMnpEb1laeEpCNmtab3R3NEtSZENMTlBrZ2JrVXhBR3dDZEE5OUctbXBRaUFiM3dxaFNFR3JvTDNKRzJBYWdyLVltLTVzTm44TG5DeEN6ajVV?oc=5,Other
Comcast Business,2026-09-30,Comcast Corporation,Xfinity's Plug-and-Play WiFi Setup Named Finalist of Fast Company's 2026 Innovation by Design Award - Comcast Corporation,https://news.google.com/rss/articles/CBMi2gFBVV95cUxOVEM3VkN0bUQxN0pRVEloa3lNeV9ZOGwtYnhtdU14UUktWGYzTEFzaFBOQWRQekc1bThSSzI5YVlqNG40NVRnV0RIQkhrc3htUFRydmdhbEtDSXJiNVotLUotUF9SWnhUbzJHa2hyMGxhcnB0RUIwN2cxWE10eU0zZ2dYRkNpTExTYTdJcE0yNE1RZC12UGJvajlzZ2NGSzNCRmxlM18wLWN6TlZtaUtrQ0JFUTNPeldoU08yaG1GNVdZSjFWTWxGdXptazkzV0tNaUJfWnUzYnRZdw?oc=5,Other
Comcast Business,2026-09-25,Comcast Corporation,Comcast Appoints Thaddeus Lee as Senior Vice President of Texas Region - Comcast Corporation,https://news.google.com/rss/articles/CBMivAFBVV95cUxPREF3TFlaMXNEVmJySGxzR3NnUTFmUXlJN0pYczFVei0wMjlDa3dDWjFNVmVpQUQ2cGhBVzRVYWdrLVpvOXpmVHVKQnN6c1RKU29FdE9xY3V3LXlON2phR29ERUd3b2hLV2NjLXZYXzBhemVWMnNsS0I4SUp1ZHozMkgxbFhGcEVTRzVaUWVwMU92ajNjZUF3eVo0ZFdXZ2hwX3RMeTRMaEF1MGItMjJkZUFVM2ZsY2VXLUR5NQ?oc=5,Other
Comcast Business,2026-09-30,Comcast Corporation,Newly Renovated Xfinity Store Unveiled in Troy - Comcast Corporation,https://news.google.com/rss/articles/CBMioAFBVV95cUxPTF9kSEVMYUMwVXB3d0hRWUlEZkk1djM4RFY0TnBtbUtiNmR5TUlyZGhPSktkNUlUT2VTZUl1NS1LMWZwNE1WS3V3NUpLUmthclJnbVlwXzNWWHo3R1lMRGtiZkJFbEdNY2lPbEMzdTFYbmFyRnR4RUhHM2RMVzcwN21oelNtUFFBOV9UX29rTEh3Rkx6a01HM1RFaFFFaU5t?oc=5,Other
Comcast Business,2026-09-29,Comcast Corporation,Xfinity’s Sports Viewing Experience Earns 2026 Cablefax Top Ops Award - Comcast Corporation,https://news.google.com/rss/articles/CBMiswFBVV95cUxPSnVjYVkzZDdxbXdiTmlsQUM1c3hCMzRlMEFOVHhEaklmb3JzTGtNckdpOFBqQ3VEd1JaM05VS3dQeVdZU3Rnd1BaRnhCaEpXVjdyaWl6SHJVSWNZTlhtU2tHRTNJTzF6Z2lldFBOdV9kZEFnWExlbUVoU2JwX0pXa1N3SVJFMGI3REdFV2tJQjNPQjlRcHBxemJoa3FlNEE2X3BUMEZvSHhwNUxRQUl1MmlfOA?oc=5,Other
Comcast Business,2026-10-01,Comcast Corporation,Comcast Celebrates New Xfinity Store in Oak Lawn - Comcast Corporation,https://news.google.com/rss/articles/CBMiowFBVV95cUxOM3poeTI1X3d6ajktNzV2ekVHd1BkU0ZoWmkzV0hUTmVVNWZfNkhpWFlfMmZySjBHUWRIWkU2cHZCWlV0YzBTQXhzUjUyNUtsZHlkN3gtbTZuUV9UdjZJSFkzOE5YN1ZOYV9kTUc1d21JUjV3LUFzdUNhcnZlSkpfY0dncmNFNG1idHRmZXBWY2JUY3JoOW11a1lGdFk5TnlqcHdJ?oc=5,Other
Comcast Business,2026-09-18,Comcast Corporation,Xfinity Communities Recognized for Product Innovation in Maravedis MDU Connectivity Awards - Comcast Corporation,https://news.google.com/rss/articles/CBMixwFBVV95cUxOc3A5cEJzV0ZLdktSVTFjUVBRRnRQZTZMSE5ETHZmbkhXdW5mVWZQbV9Rci1DcDVzQUgtaE5UMERQWi1DMHU3bVIxOUQzTXVXVVc1SC1pWmNxNXduWlg2YjB2bUFlcVBpcVRBaTlUc2paOUNiMS1McDlKcWpCd0pCemtIbzZMNnNPcGJ0TWZuWllTVGJiMEpYd19haGp4QUFRMFBPZ3JpSFhPQXc5UFZObDdUMVczTGtnanhzREFXTFpZcE9qb2xN?oc=5,Other
Comcast Business,2026-10-01,Comcast Corporation,"Comcast Awards $30,000 Grant to Technology for Tomorrow to Advance Digital Opportunities in Vermont - Comcast Corporation",https://news.google.com/rss/articles/CBMi4wFBVV95cUxOSDFnckdBZ1YtRnNlUTMtZ2tEV3IyazBtYTZZWnF4Mm9XajcxUnJES0Q1MFdIZllRY0JIX2VQcmdjb2R1Z3lDbWRaUkNwZERmdVZIUDl1SmlOOTJqcXluZnRWQUF2TzFUa2tvLWlfa1NhZXl1R1RvUmwxTWo4ajcxb1NqaEd3WVE3SU5RWFZCa1JnaG9NaDRCQXkzRUxEZ1dtOEhLLXVNeG9QSmtkMW1jOU5Ia0x5cFVmZmd5RmppaFlEbWZkazFydWJPTjh1SG1NTmFQMkpvRnN3UkU5V055TUw2NA?oc=5,Other
Comcast Business,2026-09-08,Comcast Corporation,"Comcast NBCUniversal Honors the 25th Anniversary of September 11 Through Service, Community Impact, and the Power of Its Platforms - Comcast Corporation",https://news.google.com/rss/articles/CBMi-gFBVV95cUxPWk5mWGJpcjJyd0dwUWJvSnJFa0IzRjBrbEI3STZXRUt2b1M1ZEhyUVp2TnFLZm9KQ1R5TDhwdGRlQUgxcUxsQ3RNSG5ha3hWXzJlRUtaQThBVGdyak1DTUpOSTRUZEdMTVY1QmdYODlqa1piNEFWYm1rMTF3MDFkRjEyZnQ4aDJsbjNCaVh5VDFoVFZqNmhwX0w3NDVBcE84ZWNXT1ZydGFlMi1aLUZ4dXBqYXg3dXJsaVZhMnVJemRzbjlfalJERkpjLW1zVzluVFBBcnp6c0V0SlhFcjF5aFdIWG5CQzFYbVpuU2xxRFJSOTEySXNwcmFR?oc=5,Other
Comcast Business,2026-10-02,Comcast Corporation,New Xfinity Store Opens in Oro Valley - Comcast Corporation,https://news.google.com/rss/articles/CBMikwFBVV95cUxNanF2Mm9MZTUzQUJfN1hzc01mM2xBME52WlEyMks3U19mbTJrem1WX1JNNkNUY0RzVVRHM3kzVnQ3Uk82S1djcTgtZUtBMXNYbWpkcmF4Um9XR01TY2g0UDBNVjhyZkNnVk1PUTZmdXg0bWItdldKRy1NdTgwcGM0S2hwUXBzM0ZQVzZ0VnpzeldmbGM?oc=5,Other
Comcast Business,2026-09-21,Comcast Corporation,The IGI Framework for Responsible Early Access to Frontier AI Models - Comcast Corporation,https://news.google.com/rss/articles/CBMiqgFBVV95cUxPX2VRODVmdlZjWUhKeDR1d1NtYWNKeFRJb1dHaGtkWkg4VXdSQWhwOE9TMWF6VG9PcHlERkdkU0dDNzhkdEdrcWx6cmRtT2h5bjg4bG5WbGJJcXI3UGl3c2RlYkxoMFZjTW5NN281NFkxVUsyaGo0NzJuWVpVc3hSTGZoUDBRci1fM3NYWTBZejJod2lwM0d1ck1RcnM0TWhobFlRVnEyM1ozZw?oc=5,AI & Automation
Comcast Business,2026-09-21,Comcast Corporation,Comcast Volunteers Help Students Start the School Year Ready to Learn - Comcast Corporation,https://news.google.com/rss/articles/CBMivAFBVV95cUxQb2dkVWRONVJXX05NZ0Q1cVliNTVDMnZ2ZjFRdUJNMVBkVDlFNUcyaGxOWE1SSUlTOEJoTDZTSnB6QTlBVXlRdVFNVHcwTVVhWnNnVEQ0Sl9wcUxXTTB0bGN1WmlMT2YxSnMtYU15bVZkS1B4c3h1UmppU1BxSFVEQTNQWV9Qd0Z5N2xsdXIxTE9RLW5MY1NSTTZVVHpvT0ZrYk1TUnNEUzNLNkVfZnRiY3dpZ2hkeFZGZi02bw?oc=5,Other
Comcast Business,2026-09-30,Comcast Corporation,Xfinity Members Get Exclusive Pregame Access with the Chicago White Sox - Comcast Corporation,https://news.google.com/rss/articles/CBMiwgFBVV95cUxOa2ttcjF0VVFlS1lUVEc2WFNjRUlHOUluLVlRdW83TFJKbkVTRE9sZ2RlalIzRExwTmtfNld5VDNRMUhhTXVjMy1GWVQzcnhnYW11X0VoelJHMndDemgyd2JrTFIwNTFRU1hwMk5CaUw2QnlTWWNtazlUNVR1VUpQb3VHRXE4dUdvb3dtaHlLWldrbkh3UTJtYWlPYmVta0J6aGRwZlNDN1hvTlQtMHlsbTlZeERHVE52TTdBVnZIbEhTdw?oc=5,Other
Zayo,2026-09-08,Business Wire,"Zayo Launches Agentic Networking, Bringing AI Agents Directly into Network Operations - Business Wire",https://news.google.com/rss/articles/CBMi2AFBVV95cUxPcExHeUFNVkY3SWplWllMWHBiT041RTd4V0luaTFpMjBYcGN5S1BMWXVleU8yeG1fMUFDeXVRWTZ4TVRNTXpMbXljN3ltdHJHTHU3OEZ5d2JHZ3RRS1BBUmoyMmxMNDVRb1lKUFBsZTgyMmp6RUMtdTZOYUtMbE5iSFNxMHhsbGtaYzFLc1pKYTlUZTVTbHBmVUotVU9NS3BfdEdXRkNGbzNPbzRsT21vRTNjbGgzZUpFVGpxS00tbFJWNXBtSnpoU2l0S0JxZW5fQlBuT2V3c0M?oc=5,AI & Automation
Zayo,2026-09-23,The Berne Witness,Zayo permits tabled for couple of weeks - The Berne Witness,https://news.google.com/rss/articles/CBMieEFVX3lxTE4xc25KMmpJS1lqaE9IZGo3TDdnaWpZSEFER1JnUGxDZ29qUUhJMXR0YVpxOTBUZG1oUFB4dExBUExRN2xPc2RwQ2JULTVvTkxqUGRBWW5FT2xzZnlveUV2R2dYT3pQczF2Qm9ZU0Y5ak5tbnRXZWJoWQ?oc=5,Other
Zayo,2026-09-11,Solutions Review,"Endpoint Security and Network Monitoring News for the Week of September 11th: Zscaler, Hexnode, Zayo, and More - Solutions Review",https://news.google.com/rss/articles/CBMiwAFBVV95cUxOTS1rOUlaeHc4VFRLMGR1T090NjMyMlFMeFEyaVVFTFBuaERKanhZS0MyUkhNZkV4YktLLUwxTW1COEpWT0tXZzJFajVZY3RmUkdNQXNEcmFZcGVKaEF3QndmZno0ZkNGV3RxeWtURVZPRVlVUDRidmVhWXZWbEo4aEJ4TjcwN3Z4aVJYSEhrLWxWM1FKLUVRZG9BQ2kya1RjWTZlUHZfSEIxR1p1VE1SemtrWHpCSE9HNEtxX0lGejQ?oc=5,Network & Connectivity
Zayo,2026-09-07,Business Standard,Fujiyama Power Systems' board OKs to invest Rs 5-cr in Zayo Energy - Business Standard,https://news.google.com/rss/articles/CBMi4AFBVV95cUxON3NZX3JFbHR1TWdTai0zTXZCVzNMUnhhb2t3UV9HZV9yQnRyZWRKbmhGRGh1VzlSa1BNX2J4OTBBM2NXUGlzODJRRnhjMm9aemhWcHl6b01EeVhGZmliSng3eTFDVlZ4dlltVWtlN0NSa1phTWgyU1huR1NzeUU2LW90WVlmODdUNFdxQ19EUGdDRUF3OGpMVGhPcUpqQm5acjEwUnN5UWVZMjlyejFSYS0tTWhiTTF3LU0zVGZ5eVZ3NHZsUWlzdmpNUkR2ZzZaWGtKT1FlNTR2UnVIeVdFLdIB5gFBVV95cUxQZjYtVEZnMVNzWExBZTg1NzllNVh4X09tSHlBTVZiZWhWM0oxSVZKSUNxV2FqZVdDV2E1RTlGOWJBTjJGb3pBc0M5TnlpMmJBRHdteHZWYURLUnJfMjZWeGNYQ3duUURqMy10Ry1BcnNhUGo4b25MWm44T1hCMi1GdEp5b3VRVk5GWVQyM2szcFpkaVNyUVRmMU9uQ1VtSGhRWjd3cUd3emt4R1dId2puY3JidEl6SnVmRmRwakRUUlZpZzNuM2VhSGxRbnpkUzY0cWJLb2QwbHBlSHlWZDVYSkY4dF81QQ?oc=5,Other
GTT Communications,2026-09-23,Business Wire,"GTT Achieves HPE Global Service Provider Partner Status, Enhancing GTT Customer Experience - Business Wire",https://news.google.com/rss/articles/CBMi3wFBVV95cUxQMEJGXy1qb2lBRmt6Ymw1R09kUUNLM0x6V1Fwa1NoLXBBc3lQS2JqVUUxWWhnN0dqcWItenVlTTIxQTRzMHY2T04tTTFfRW5uNF9Hdi0wUTNvM2JwZWo3Q1g5clRMYTN1bDBpOUNCUDRNR19uSVJiYTE0d08zNGg5eEpncUJHOEF6Y1JKRld4R1VmZTNEY3RzQ3ZCT1lDZjBUZ0N6VmlwRnpyN3pHbUVLYWQ5WS0xcTBlSGUzdFVwY0NNWXkwOU5tN3dvbEVFak9wS3VBaEFmbDZFZ2ctUmNF?oc=5,Other
GTT Communications,2026-09-29,SiliconANGLE,GTT launches Defense Halo to hunt for threats on enterprise networks with AI - SiliconANGLE,https://news.google.com/rss/articles/CBMiswFBVV95cUxPdDktRWdhNVRFc0t6WkJIMU1tdWZrMnJxZGdsT1ZuRHdpSWVoM01JTkhRS2hpMnNzcjZvZEpKdFVOU3BDTC1EdzdFY2xwNEpjMGlfSmtUdDZmdWUwczJzelhEWmVsTFphVmg2dnkxSFdPajVWcU9ZVE51N1E4SkJoS21LVWZIWGVsVFlJX3JlVDFzc2lDVmlTaDJCcGFFZXY3ZDJDMmNXa0dHWmVGWTd0bG83Zw?oc=5,AI & Automation
GTT Communications,2026-10-01,ChannelE2E,GTT targets network blind spots with AI-native security - ChannelE2E,https://news.google.com/rss/articles/CBMiogFBVV95cUxOcmZ1aWZwX2xjbVp0VEdubmtsNnJ6R09HM3hySHVQeC1RZUpUa3lES0Y5UlJLVm9TODNiYkUzeTdXM3hUSnJEaktwWktfZDVWRzRURzBwUU1IZmdaLUh5MTVrcTZuNW0zZnhuMlZGREpVUlJOa0NtcG5VYkVvT2Y5VklzQWJHcTgwRDMtWWxUUUloWEl5RDBBYUFhVTlFVTVCOHc?oc=5,AI & Automation
GTT Communications,2026-09-29,citybiz,GTT Launches AI-Native Defense Halo Network Security Platform - citybiz,https://news.google.com/rss/articles/CBMiogFBVV95cUxNd0cwWDdRS3ViM215ZWc2TWJ2MFUxOFdaeEJYZGJOSVhwWEY5c2YyeEZQa1gyQlQ5SXJTbVh1bnBXS0t3V3BBSHZoMUQ0X2d1VVhQcmxZWFE4MWJPczNQTG11bkthdGNjYkQ5aktoSmlUQ2tzdnpFU082LXZHY1RnU1QtaHZvbWlIamVxbUp3eFUwNFh6RmM4ZUFrUlZtYkJTWlE?oc=5,AI & Automation
GTT Communications,2026-10-01,The Defense Post,GTT’s New AI Defender Hunts Network Threats Before They Strike - The Defense Post,https://news.google.com/rss/articles/CBMiakFVX3lxTE9RYjJYeUhVOFNoTnRRLWJlUkZFbGhHRHJwbU95VG9nX2dUTEdvNnBHMV9fYkxzdUQ0dkI4dmRQTXBqQ0pmb3VBb3YwcVhvYUllUkluUnNpeUVvaVdRSjNzaXlySlc2WFBBMFHSAW9BVV95cUxNak52cTJuNTdhdVhvY0lSekhHazNHQzVUeURFUnlwenVha1lNVDMzSFZiMnI1dWJwWlhubDAyUzQzUWZ6cXZQdjlldGticEZpWGdRRk9xUnpKMWVJeDhZaXFtNGdHdmNuMmpTenpuYUU?oc=5,AI & Automation
GTT Communications,2026-09-30,Channel Insider,GTT Launches New AI-Native Network Defense Platform - Channel Insider,https://news.google.com/rss/articles/CBMigwFBVV95cUxOS1FJTXE3YTNUamttQ3ZhYnhGZ29ibXh4eVZQLW83ZEFHOUxUT2tZZ2JuRTcyTTlfQ1FNcm5DMzdqTF9PS2VRejd5LWtTN1NRTUpVcV95Y0hNaFUzOTlEQTd2c0pzY05rSldGd2RldEd0UHJ6QlloSjY2cnRlSmoyY1RyTQ?oc=5,AI & Automation
GTT Communications,2026-09-29,AOL.com,"GTT Launches GTT Defense Halo, an AI-Native Network Defense Platform - AOL.com",https://news.google.com/rss/articles/CBMifkFVX3lxTE1xc0FZYXpSc29SNVRaVlkxWmxjN05IOC1zdFVrMUJtZ2FmX1M4cTZrNU1wamUxbkZTNlYxMVZDcjhEeHpQNFpEM0owV2dLVFY2YS1Ia1c2ZE01a3dpclpJTmRiZGxQM3FxbUU1N2U4bFdQOXZmYUJGYWxRb0tLZw?oc=5,AI & Automation
GTT Communications,2026-09-30,Telecompaper,GTT launches AI-native network defence platform Defense Halo - Telecompaper,https://news.google.com/rss/articles/CBMipgFBVV95cUxQYm1ZbHVtaEZJNVE2WU5YT29jbFhlcWlkdlZpNjBDRi1ZMi1yTHZXSjdtNzBEdDZ0NnEzR1lwQllWWXJKWVNKb25UM1JjemZtY0ZOeVNjVDNiOVRfVjgyUV9IaGhzXzA1NEFUVTVwSDBGeUg4WU5CcC1vTFM2VE5vcDNkSkM5TTN4bU1XMkdEN0JWTXY3eF9MOEtrdXc2U2E2a3c4LVpB?oc=5,AI & Automation
GTT Communications,2026-09-29,Business Wire,"GTT Launches GTT Defense Halo, an AI-Native Network Defense Platform - Business Wire",https://news.google.com/rss/articles/CBMiwgFBVV95cUxQZGhldlFLWmFDSkhuVE5ORDA0T0V2TzhlZ1c1MklpSURVQlJuS0lScG9LYWlfSkpUX2ptWW9EcWtzUVR1c1RtOGtQN1ZYMzgzWm9IYk9WYTcyQTlHdUpzU19Pc3RZSFBLdjZnUC1vaEM5eVJiNXViRW1aUHY4d3plUVJnblJIRTVIRXZnOW1UajFmb21mc3B3NFZDODdLZWRmblRzMGdzeXZpRHg0NnlHVGdoMWVKNmlEZmJGNHZzaDhGdw?oc=5,AI & Automation
