account,news_score,article_count,news_adj,last_refreshed
Microsoft,100,85,5.0,2026-09-28T13:37:16+00:00
Alphabet (Google),100,51,5.0,2026-09-28T13:37:16+00:00
Amazon,100,83,5.0,2026-09-28T13:37:16+00:00
Meta Platforms,100,75,5.0,2026-09-28T13:37:16+00:00
Apple,100,75,5.0,2026-09-28T13:37:16+00:00
Oracle,100,82,5.0,2026-09-28T13:37:16+00:00
Salesforce,100,70,5.0,2026-09-28T13:37:16+00:00
Adobe,100,70,5.0,2026-09-28T13:37:16+00:00
ServiceNow,100,54,5.0,2026-09-28T13:37:16+00:00
SAP,100,55,5.0,2026-09-28T13:37:16+00:00
Workday,100,32,5.0,2026-09-28T13:37:16+00:00
Snowflake,100,78,5.0,2026-09-28T13:37:16+00:00
Datadog,100,18,5.0,2026-09-28T13:37:16+00:00
Palantir,100,69,5.0,2026-09-28T13:37:16+00:00
Atlassian,100,33,5.0,2026-09-28T13:37:16+00:00
Intuit,100,28,5.0,2026-09-28T13:37:16+00:00
Shopify,100,57,5.0,2026-09-28T13:37:16+00:00
Uber,100,45,5.0,2026-09-28T13:37:16+00:00
NVIDIA,100,95,5.0,2026-09-28T13:37:16+00:00
AMD,100,83,5.0,2026-09-28T13:37:16+00:00
Intel,100,78,5.0,2026-09-28T13:37:16+00:00
Broadcom,100,68,5.0,2026-09-28T13:37:16+00:00
Qualcomm,100,76,5.0,2026-09-28T13:37:16+00:00
Texas Instruments,50,6,2.5,2026-09-28T13:37:16+00:00
Micron,100,57,5.0,2026-09-28T13:37:16+00:00
Dell Technologies,100,68,5.0,2026-09-28T13:37:16+00:00
HP Inc.,100,23,5.0,2026-09-28T13:37:16+00:00
Hewlett Packard Enterprise,100,38,5.0,2026-09-28T13:37:16+00:00
Applied Materials,100,23,5.0,2026-09-28T13:37:16+00:00
Marvell,100,65,5.0,2026-09-28T13:37:16+00:00
JPMorgan Chase,100,30,5.0,2026-09-28T13:37:16+00:00
Bank of America,100,47,5.0,2026-09-28T13:37:16+00:00
Wells Fargo,100,28,5.0,2026-09-28T13:37:16+00:00
Citigroup,39,6,2.0,2026-09-28T13:37:16+00:00
Goldman Sachs,100,68,5.0,2026-09-28T13:37:16+00:00
Morgan Stanley,100,70,5.0,2026-09-28T13:37:16+00:00
U.S. Bancorp,6,1,0.3,2026-09-28T13:37:16+00:00
PNC Financial,40,6,2.0,2026-09-28T13:37:16+00:00
Truist,96,17,4.8,2026-09-28T13:37:16+00:00
Capital One,52,6,2.6,2026-09-28T13:37:16+00:00
Charles Schwab,100,23,5.0,2026-09-28T13:37:16+00:00
TD Bank Group,90,9,4.5,2026-09-28T13:37:16+00:00
Visa,100,66,5.0,2026-09-28T13:37:16+00:00
Mastercard,100,48,5.0,2026-09-28T13:37:16+00:00
American Express,0,0,0.0,2026-09-28T13:37:16+00:00
PayPal,100,30,5.0,2026-09-28T13:37:16+00:00
Block,100,83,5.0,2026-09-28T13:37:16+00:00
Fiserv,37,5,1.9,2026-09-28T13:37:16+00:00
Global Payments,96,14,4.8,2026-09-28T13:37:16+00:00
BlackRock,100,80,5.0,2026-09-28T13:37:16+00:00
Berkshire Hathaway,100,46,5.0,2026-09-28T13:37:16+00:00
Prudential Financial,4,1,0.2,2026-09-28T13:37:16+00:00
MetLife,10,1,0.5,2026-09-28T13:37:16+00:00
Chubb,27,4,1.4,2026-09-28T13:37:16+00:00
Progressive,100,19,5.0,2026-09-28T13:37:16+00:00
Allstate,10,1,0.5,2026-09-28T13:37:16+00:00
AIG,25,4,1.2,2026-09-28T13:37:16+00:00
Marsh McLennan,12,2,0.6,2026-09-28T13:37:16+00:00
Aon,22,4,1.1,2026-09-28T13:37:16+00:00
Eli Lilly,100,23,5.0,2026-09-28T13:37:16+00:00
Pfizer,39,5,2.0,2026-09-28T13:37:16+00:00
Johnson & Johnson,26,3,1.3,2026-09-28T13:37:16+00:00
Merck,43,5,2.1,2026-09-28T13:37:16+00:00
AbbVie,100,27,5.0,2026-09-28T13:37:16+00:00
Bristol Myers Squibb,19,2,0.9,2026-09-28T13:37:16+00:00
Amgen,21,3,1.1,2026-09-28T13:37:16+00:00
Gilead Sciences,6,1,0.3,2026-09-28T13:37:16+00:00
Moderna,78,10,3.9,2026-09-28T13:37:16+00:00
Regeneron,0,0,0.0,2026-09-28T13:37:16+00:00
Vertex Pharmaceuticals,0,0,0.0,2026-09-28T13:37:16+00:00
Thermo Fisher Scientific,22,3,1.1,2026-09-28T13:37:16+00:00
UnitedHealth Group,15,3,0.8,2026-09-28T13:37:16+00:00
Elevance Health,0,0,0.0,2026-09-28T13:37:16+00:00
Cigna,61,6,3.0,2026-09-28T13:37:16+00:00
CVS Health,63,11,3.1,2026-09-28T13:37:16+00:00
HCA Healthcare,19,3,0.9,2026-09-28T13:37:16+00:00
Humana,0,0,0.0,2026-09-28T13:37:16+00:00
Medtronic,49,9,2.5,2026-09-28T13:37:16+00:00
Abbott Laboratories,0,0,0.0,2026-09-28T13:37:16+00:00
Intuitive Surgical,6,2,0.3,2026-09-28T13:37:16+00:00
Stryker,3,1,0.1,2026-09-28T13:37:16+00:00
Tesla,100,48,5.0,2026-09-28T13:37:16+00:00
Ford Motor,13,2,0.7,2026-09-28T13:37:16+00:00
General Motors,50,4,2.5,2026-09-28T13:37:16+00:00
Rivian,32,4,1.6,2026-09-28T13:37:16+00:00
Toyota (Americas),73,9,3.6,2026-09-28T13:37:16+00:00
Stellantis,47,7,2.3,2026-09-28T13:37:16+00:00
Cummins,13,2,0.7,2026-09-28T13:37:16+00:00
Boeing,100,13,5.0,2026-09-28T13:37:16+00:00
Lockheed Martin,30,6,1.5,2026-09-28T13:37:16+00:00
RTX,100,63,5.0,2026-09-28T13:37:16+00:00
General Dynamics,0,0,0.0,2026-09-28T13:37:16+00:00
Northrop Grumman,3,1,0.1,2026-09-28T13:37:16+00:00
Honeywell,20,2,1.0,2026-09-28T13:37:16+00:00
GE Aerospace,100,12,5.0,2026-09-28T13:37:16+00:00
Caterpillar,100,34,5.0,2026-09-28T13:37:16+00:00
Deere & Company,44,7,2.2,2026-09-28T13:37:16+00:00
Emerson Electric,3,1,0.1,2026-09-28T13:37:16+00:00
Illinois Tool Works,0,0,0.0,2026-09-28T13:37:16+00:00
Parker Hannifin,0,0,0.0,2026-09-28T13:37:16+00:00
Eaton,99,16,5.0,2026-09-28T13:37:16+00:00
Rockwell Automation,100,17,5.0,2026-09-28T13:37:16+00:00
Siemens (Americas),100,56,5.0,2026-09-28T13:37:16+00:00
Schneider Electric,100,35,5.0,2026-09-28T13:37:16+00:00
Corning,100,44,5.0,2026-09-28T13:37:16+00:00
Dow,100,54,5.0,2026-09-28T13:37:16+00:00
Walmart,100,59,5.0,2026-09-28T13:37:16+00:00
Costco Wholesale,10,1,0.5,2026-09-28T13:37:16+00:00
The Home Depot,12,3,0.6,2026-09-28T13:37:16+00:00
Lowe's,13,2,0.7,2026-09-28T13:37:16+00:00
Target,100,76,5.0,2026-09-28T13:37:16+00:00
TJX Companies,0,0,0.0,2026-09-28T13:37:16+00:00
Best Buy,100,18,5.0,2026-09-28T13:37:16+00:00
Kroger,100,16,5.0,2026-09-28T13:37:16+00:00
Walgreens Boots Alliance,0,0,0.0,2026-09-28T13:37:16+00:00
Dollar General,6,2,0.3,2026-09-28T13:37:16+00:00
Procter & Gamble,9,2,0.4,2026-09-28T13:37:16+00:00
Coca-Cola,68,8,3.4,2026-09-28T13:37:16+00:00
PepsiCo,3,1,0.1,2026-09-28T13:37:16+00:00
Nike,9,3,0.4,2026-09-28T13:37:16+00:00
McDonald's,100,28,5.0,2026-09-28T13:37:16+00:00
Starbucks,50,6,2.5,2026-09-28T13:37:16+00:00
Mondelez,0,0,0.0,2026-09-28T13:37:16+00:00
Colgate-Palmolive,3,1,0.1,2026-09-28T13:37:16+00:00
Unilever (Americas),35,5,1.8,2026-09-28T13:37:16+00:00
Kraft Heinz,3,1,0.1,2026-09-28T13:37:16+00:00
Estee Lauder,100,15,5.0,2026-09-28T13:37:16+00:00
General Mills,30,3,1.5,2026-09-28T13:37:16+00:00
Netflix,100,33,5.0,2026-09-28T13:37:16+00:00
The Walt Disney Company,100,35,5.0,2026-09-28T13:37:16+00:00
Comcast (NBCUniversal),32,5,1.6,2026-09-28T13:37:16+00:00
Warner Bros. Discovery,42,7,2.1,2026-09-28T13:37:16+00:00
Paramount,100,19,5.0,2026-09-28T13:37:16+00:00
Fox Corporation,6,1,0.3,2026-09-28T13:37:16+00:00
Electronic Arts,3,1,0.1,2026-09-28T13:37:16+00:00
Spotify,100,37,5.0,2026-09-28T13:37:16+00:00
ExxonMobil,39,6,2.0,2026-09-28T13:37:16+00:00
Chevron,38,7,1.9,2026-09-28T13:37:16+00:00
ConocoPhillips,10,1,0.5,2026-09-28T13:37:16+00:00
Schlumberger,3,1,0.1,2026-09-28T13:37:16+00:00
NextEra Energy,62,9,3.1,2026-09-28T13:37:16+00:00
Duke Energy,34,6,1.7,2026-09-28T13:37:16+00:00
Southern Company,26,4,1.3,2026-09-28T13:37:16+00:00
Dominion Energy,72,9,3.6,2026-09-28T13:37:16+00:00
Shell (Americas),25,4,1.2,2026-09-28T13:37:16+00:00
Phillips 66,20,2,1.0,2026-09-28T13:37:16+00:00
UPS,100,45,5.0,2026-09-28T13:37:16+00:00
FedEx,39,5,2.0,2026-09-28T13:37:16+00:00
Union Pacific,10,1,0.5,2026-09-28T13:37:16+00:00
Delta Air Lines,82,9,4.1,2026-09-28T13:37:16+00:00
American Airlines,25,4,1.2,2026-09-28T13:37:16+00:00
United Airlines,34,6,1.7,2026-09-28T13:37:16+00:00
C.H. Robinson,16,3,0.8,2026-09-28T13:37:16+00:00
Old Dominion,6,1,0.3,2026-09-28T13:37:16+00:00
Accenture,100,80,5.0,2026-09-28T13:37:16+00:00
Cognizant,100,36,5.0,2026-09-28T13:37:16+00:00
Infosys (Americas),100,32,5.0,2026-09-28T13:37:16+00:00
Booz Allen Hamilton,50,8,2.5,2026-09-28T13:37:16+00:00
Gartner,100,60,5.0,2026-09-28T13:37:16+00:00
S&P Global,100,46,5.0,2026-09-28T13:37:16+00:00
